priority,year,year_slug,term,week_of_term,week_of_year,word,category,statutory,difficulty_rank,focus,origin_candidate,origin_hint,status,definition,example_sentence,origin,notes
1,2,year2,autumn,2,2,age,rule-example,,1,dge/ge/g/j spellings of /dʒ/,,,done,How many years old someone or something is.,What age is your little sister now?,,
2,2,year2,autumn,2,2,badge,rule-example,,1,dge/ge/g/j spellings of /dʒ/,,,done,A small sign or symbol pinned or sewn onto clothing to show something.,She proudly wore her swimming badge on her cardigan.,,
3,2,year2,autumn,2,2,bridge,rule-example,,1,dge/ge/g/j spellings of /dʒ/,,,done,"A structure built over a river, road or railway so people can cross it.",We walked across the old stone bridge into town.,,
4,2,year2,autumn,2,2,bulge,rule-example,,1,dge/ge/g/j spellings of /dʒ/,,,done,A part that swells or sticks out more than the rest.,His pockets had a bulge from all the conkers he'd collected.,,
5,2,year2,autumn,2,2,change,rule-example,,1,dge/ge/g/j spellings of /dʒ/,,,done,"To make something different, or coins and notes given back after paying.","I'd like to change my socks, they're all wet.",,
6,2,year2,autumn,2,2,charge,rule-example,,1,dge/ge/g/j spellings of /dʒ/,,,done,"To ask a price for something, or to rush forward quickly.",The shop didn't charge extra for gift wrapping.,,
7,2,year2,autumn,2,2,dodge,rule-example,,1,dge/ge/g/j spellings of /dʒ/,,,done,To quickly move out of the way of something.,He had to dodge the puddle on the way to school.,,
8,2,year2,autumn,2,2,edge,rule-example,,1,dge/ge/g/j spellings of /dʒ/,,,done,The outside border or line where something ends.,Don't stand too close to the edge of the cliff.,,
9,2,year2,autumn,2,2,fudge,rule-example,,1,dge/ge/g/j spellings of /dʒ/,,,done,"A soft, sweet, chewy sweet made from sugar and butter.",Grandma made a batch of chocolate fudge for the fete.,,
10,2,year2,autumn,2,2,gem,rule-example,,1,dge/ge/g/j spellings of /dʒ/,,,done,"A precious stone, like a diamond or ruby, that is cut and polished.",The crown was decorated with a sparkling red gem.,,
11,2,year2,autumn,2,2,huge,rule-example,,1,dge/ge/g/j spellings of /dʒ/,,,done,Extremely big in size.,The blue whale is a huge animal.,,
12,2,year2,autumn,2,2,village,rule-example,,1,dge/ge/g/j spellings of /dʒ/,,,done,"A small group of houses and shops in the countryside, smaller than a town.",They live in a quiet village near the coast.,,
13,2,year2,autumn,3,3,adjust,rule-example,,1,dge/ge/g/j spellings of /dʒ/,,,done,To change something slightly to make it fit or work better.,Can you adjust the strap so the helmet fits properly?,,
14,2,year2,autumn,3,3,cell,rule-example,,1,"c before e, i, y for /s/",,,done,"A tiny living part that makes up all plants and animals, or a small locked room.",Every living thing is made up of millions of tiny cells.,,
15,2,year2,autumn,3,3,city,rule-example,,1,"c before e, i, y for /s/",,,done,"A large, important town with lots of buildings and people.",London is the capital city of England.,,
16,2,year2,autumn,3,3,energy,rule-example,,1,dge/ge/g/j spellings of /dʒ/,,,done,"The power to do active things, like running, jumping or thinking.",After lunch she had loads of energy for the football match.,,
17,2,year2,autumn,3,3,giant,rule-example,,1,dge/ge/g/j spellings of /dʒ/,,,done,"Something or someone that is extremely large, or a huge creature in stories.","In the story, the giant took one step and crossed the whole valley.",,
18,2,year2,autumn,3,3,giraffe,rule-example,,1,dge/ge/g/j spellings of /dʒ/,,,done,A very tall African animal with a long neck and a spotted pattern.,The giraffe stretched its neck to reach the highest leaves.,,
19,2,year2,autumn,3,3,ice,rule-example,,1,"c before e, i, y for /s/",,,done,Water that has frozen solid and become hard and cold.,The pond was covered in a thin sheet of ice.,,
20,2,year2,autumn,3,3,jacket,rule-example,,1,dge/ge/g/j spellings of /dʒ/,,,done,"A piece of clothing with sleeves that you wear over a top, open at the front.","Zip up your jacket, it's cold outside.",,
21,2,year2,autumn,3,3,jar,rule-example,,1,dge/ge/g/j spellings of /dʒ/,,,done,"A glass or plastic container with a lid, used for storing food.",She kept biscuits in a big glass jar on the shelf.,,
22,2,year2,autumn,3,3,jog,rule-example,,1,dge/ge/g/j spellings of /dʒ/,,,done,"To run at a slow, steady pace, often for exercise.",Dad likes to jog around the park before breakfast.,,
23,2,year2,autumn,3,3,magic,rule-example,,1,dge/ge/g/j spellings of /dʒ/,,,done,"Special powers that make impossible things seem to happen, often in stories.",The magician made the coin disappear as if by magic.,,
24,2,year2,autumn,3,3,race,rule-example,,1,"c before e, i, y for /s/",,,done,"A competition to see who is fastest, or a group of people running one.",The two friends had a race to the end of the garden.,,
25,2,year2,autumn,4,4,fancy,rule-example,,1,"c before e, i, y for /s/",,,done,"Decorated or special, not plain, or to like the idea of something.",She wore a fancy dress for the party.,,
26,2,year2,autumn,4,4,gnat,rule-example,,1,kn/gn at the start of words,,,done,A tiny flying insect that can bite.,A gnat buzzed annoyingly around her head.,,
27,2,year2,autumn,4,4,gnaw,rule-example,,1,kn/gn at the start of words,,,done,To bite or chew on something again and again.,The dog loved to gnaw on its rubber bone.,,
28,2,year2,autumn,4,4,knee,rule-example,,1,kn/gn at the start of words,,,done,The joint in the middle of your leg that lets it bend.,He grazed his knee when he fell off his bike.,,
29,2,year2,autumn,4,4,knock,rule-example,,1,kn/gn at the start of words,,,done,"To hit something, usually a door, to make a sound.",Please knock before you come into my room.,,
30,2,year2,autumn,4,4,know,rule-example,,1,kn/gn at the start of words,,,done,"To have information about something, or to be certain of it.",Do you know the way to the library?,,
31,2,year2,autumn,4,4,table,rule-example,,1,-le ending,,,done,"A piece of furniture with a flat top and legs, used for eating or working at.",We set the table before dinner.,,
32,2,year2,autumn,4,4,wrap,rule-example,,1,wr at the start of words,,,done,To cover something completely by folding paper or material around it.,Can you help me wrap this present for Grandad?,,
33,2,year2,autumn,4,4,write,rule-example,,1,wr at the start of words,,,done,To put letters or words onto paper using a pen or pencil.,Remember to write your name at the top of the page.,,
34,2,year2,autumn,4,4,written,rule-example,,1,wr at the start of words,,,done,Put into words on paper (the past form of 'write').,The instructions are written clearly on the box.,,
35,2,year2,autumn,4,4,wrong,rule-example,,1,wr at the start of words,,,done,"Not correct, or not the way something should be.",I think you've got the wrong answer for question three.,,
36,2,year2,autumn,4,4,wrote,rule-example,,1,wr at the start of words,,,done,Put words onto paper using a pen or pencil (the past tense of 'write').,She wrote a thank-you letter to her aunty.,,
37,2,year2,autumn,5,5,apple,rule-example,,1,-le ending,,,done,"A round fruit with red, green or yellow skin and crisp white flesh.",She packed an apple in her lunchbox.,,
38,2,year2,autumn,5,5,bottle,rule-example,,1,-le ending,,,done,"A container with a narrow neck, used for holding liquids.",Fill your water bottle before we go for a walk.,,
39,2,year2,autumn,5,5,camel,rule-example,,1,-el ending,,,done,A large desert animal with one or two humps on its back.,The camel can go for days without drinking water.,,
40,2,year2,autumn,5,5,little,rule-example,,1,-le ending,,,done,Small in size or amount.,A little kitten was hiding under the hedge.,,
41,2,year2,autumn,5,5,metal,rule-example,,2,-al ending,,,done,"A hard, shiny material like iron, gold or steel.",The gate was made of strong black metal.,,
42,2,year2,autumn,5,5,middle,rule-example,,1,-le ending,,,done,The point or part that is equally far from every side or end.,"Sit in the middle of the bench, please.",,
43,2,year2,autumn,5,5,pedal,rule-example,,2,-al ending,,,done,"A flat lever you press with your foot to make something move, like a bike.",Push down on the left pedal to get moving.,,
44,2,year2,autumn,5,5,squirrel,rule-example,,1,-el ending,,,done,A small furry animal with a bushy tail that climbs trees and collects nuts.,A squirrel buried an acorn at the bottom of the garden.,,
45,2,year2,autumn,5,5,tinsel,rule-example,,2,-el ending,,,done,"Shiny, sparkly string used to decorate a Christmas tree.",We wrapped silver tinsel around the tree's branches.,,
46,2,year2,autumn,5,5,towel,rule-example,,1,-el ending,,,done,"A piece of thick, soft cloth used for drying yourself.",Grab a towel before you get out of the pool.,,
47,2,year2,autumn,5,5,travel,rule-example,,1,-el ending,,,done,"To go from one place to another, often on a journey.",We travel to see our cousins every summer.,,
48,2,year2,autumn,5,5,tunnel,rule-example,,1,-el ending,,,done,"A long passage dug through or under something, like a hill or the sea.",The train disappeared into the dark tunnel.,,
49,2,year2,autumn,6,6,July,rule-example,,2,-y for /aɪ/ at the end of words,,,done,"The seventh month of the year, in the middle of summer.",Our school holidays usually start in late July.,,
50,2,year2,autumn,6,6,animal,rule-example,,2,-al ending,,,done,"A living creature that is not a plant, such as a dog, bird or fish.",Which animal would you most like to see at the zoo?,,
51,2,year2,autumn,6,6,capital,rule-example,,2,-al ending,,,done,"The main city of a country, where the government is based, or a large letter.",Paris is the capital of France.,,
52,2,year2,autumn,6,6,cry,rule-example,,2,-y for /aɪ/ at the end of words,,,done,"To let tears fall from your eyes, often because you are sad or hurt.",The baby began to cry when she dropped her toy.,,
53,2,year2,autumn,6,6,dry,rule-example,,2,-y for /aɪ/ at the end of words,,,done,Not wet — having no water or moisture.,"Bring the washing in before it starts to rain, it's still dry.",,
54,2,year2,autumn,6,6,fly,rule-example,,2,-y for /aɪ/ at the end of words,,,done,"To move through the air, like a bird or a plane.",Birds fly south for the winter.,,
55,2,year2,autumn,6,6,fossil,rule-example,,2,-il ending,,,done,"The hardened remains or shape of a very old plant or animal, preserved in rock.",We found a shell fossil pressed into the cliff face.,,
56,2,year2,autumn,6,6,hospital,rule-example,,2,-al ending,,,done,A place where doctors and nurses look after people who are ill or hurt.,We visited Grandpa in hospital after his operation.,,
57,2,year2,autumn,6,6,nostril,rule-example,,2,-il ending,,,done,One of the two openings in your nose that you breathe through.,She wrinkled her nostril at the strange smell.,,
58,2,year2,autumn,6,6,pencil,rule-example,,2,-il ending,,,done,"A thin tool with a graphite core, used for writing or drawing.",Can I borrow a pencil to finish my drawing?,,
59,2,year2,autumn,6,6,reply,rule-example,,2,-y for /aɪ/ at the end of words,,,done,"To answer someone, in speech or writing.",Please reply to the invitation by Friday.,,
60,2,year2,autumn,6,6,try,rule-example,,2,-y for /aɪ/ at the end of words,,,done,To make an attempt at doing something.,Have a go — you won't know if you can do it until you try.,,
61,2,year2,autumn,7,7,babies,rule-example,,2,adding -es to words ending in -y,,,done,More than one baby — very young children.,The nursery looks after ten babies each morning.,,
62,2,year2,autumn,7,7,carries,rule-example,,2,adding -es to words ending in -y,,,done,Moves something from one place to another by holding it.,My sister carries her school bag on both shoulders.,,
63,2,year2,autumn,7,7,copied,rule-example,,2,adding -ed/-er/-est to words ending -y,,,done,Made an exact match of something (the past tense of 'copy').,He copied the spellings neatly into his book.,,
64,2,year2,autumn,7,7,copier,rule-example,,2,adding -ed/-er/-est to words ending -y,,,done,A machine that makes copies of documents.,The office copier had run out of paper again.,,
65,2,year2,autumn,7,7,copies,rule-example,,2,adding -es to words ending in -y,,,done,"Makes exact matches of something, or more than one copy.",The teacher copies the worksheet for the whole class.,,
66,2,year2,autumn,7,7,copying,rule-example,,2,adding -ing to words ending -y (no change),,,done,Making an exact match of something.,He was copying the picture from the book carefully.,,
67,2,year2,autumn,7,7,flies,rule-example,,2,adding -es to words ending in -y,,,done,"Moves through the air, or more than one fly.","The kestrel flies high above the field, watching for mice.",,
68,2,year2,autumn,7,7,happier,rule-example,,2,adding -ed/-er/-est to words ending -y,,,done,More happy — feeling more pleased or cheerful than before.,She felt happier once her friend arrived.,,
69,2,year2,autumn,7,7,happiest,rule-example,,2,adding -ed/-er/-est to words ending -y,,,done,Most happy — the most pleased or cheerful out of everyone.,This was the happiest day of his summer holiday.,,
70,2,year2,autumn,7,7,replied,rule-example,,2,adding -ed/-er/-est to words ending -y,,,done,"Answered someone, in speech or writing (the past tense of 'reply').",She replied to the letter the very next day.,,
71,2,year2,autumn,7,7,replies,rule-example,,2,adding -es to words ending in -y,,,done,"Answers someone, in speech or writing.",He always replies to my messages really quickly.,,
72,2,year2,autumn,7,7,tries,rule-example,,2,adding -es to words ending in -y,,,done,Makes an attempt at something.,"She always tries her best, even when it's tricky.",,
73,2,year2,autumn,8,8,crying,rule-example,,2,adding -ing to words ending -y (no change),,,done,"Letting tears fall, often because of sadness or pain.",The toddler was crying because she'd lost her balloon.,,
74,2,year2,autumn,8,8,dropping,rule-example,,2,doubling the final consonant,,,done,Letting something fall from your hand.,Be careful not to keep dropping your pencil case.,,
75,2,year2,autumn,8,8,hiked,rule-example,,2,dropping -e before a vowel suffix,,,done,"Went for a long walk, often in the countryside or hills (the past tense of 'hike').",We hiked up the hill to see the view.,,
76,2,year2,autumn,8,8,hiker,rule-example,,2,dropping -e before a vowel suffix,,,done,"A person who goes for long walks, often in the countryside or hills.",The hiker stopped to rest by the stream.,,
77,2,year2,autumn,8,8,hiking,rule-example,,2,dropping -e before a vowel suffix,,,done,"Going for a long walk, often in the countryside or hills.",They spent Saturday hiking along the coastal path.,,
78,2,year2,autumn,8,8,hummed,rule-example,,2,doubling the final consonant,,,done,Made a low musical sound with your lips closed (the past tense of 'hum').,She hummed a tune while she tidied her room.,,
79,2,year2,autumn,8,8,humming,rule-example,,2,doubling the final consonant,,,done,Making a low musical sound with your lips closed.,He was humming happily while he did the washing up.,,
80,2,year2,autumn,8,8,nicer,rule-example,,2,dropping -e before a vowel suffix,,,done,More pleasant or kind than something or someone else.,This jumper is nicer than the one I tried on first.,,
81,2,year2,autumn,8,8,nicest,rule-example,,2,dropping -e before a vowel suffix,,,done,Most pleasant or kind out of everyone or everything.,That's the nicest thing anyone has said to me all week.,,
82,2,year2,autumn,8,8,patted,rule-example,,2,doubling the final consonant,,,done,Touched something gently and repeatedly with a flat hand (the past tense of 'pat').,She patted the dog gently on the head.,,
83,2,year2,autumn,8,8,patting,rule-example,,2,doubling the final consonant,,,done,Touching something gently and repeatedly with a flat hand.,He kept patting his pockets to check for his keys.,,
84,2,year2,autumn,8,8,shiny,rule-example,,2,dropping -e before a vowel suffix,,,done,"Bright and reflecting light, like polished metal or glass.",Her new shoes were bright and shiny.,,
85,2,year2,autumn,9,9,all,rule-example,,3,a before l/ll for /ɔ:/,,,done,Every one of something — the whole amount.,She ate all of her dinner tonight.,,
86,2,year2,autumn,9,9,ball,rule-example,,3,a before l/ll for /ɔ:/,,,done,A round object used for playing games and sports.,He kicked the ball into the back of the net.,,
87,2,year2,autumn,9,9,call,rule-example,,3,a before l/ll for /ɔ:/,,,done,"To speak loudly to get someone's attention, or to phone someone.",Please call me when you get home safely.,,
88,2,year2,autumn,9,9,dropped,rule-example,,2,doubling the final consonant,,,done,Let something fall from your hand (the past tense of 'drop').,He dropped his ice cream on the pavement.,,
89,2,year2,autumn,9,9,fatter,rule-example,,2,doubling the final consonant,,,done,Bigger or wider around the middle than before.,The puppy looked fatter after all those treats.,,
90,2,year2,autumn,9,9,fattest,rule-example,,2,doubling the final consonant,,,done,The biggest or widest around the middle out of everyone.,That's the fattest pumpkin in the whole patch.,,
91,2,year2,autumn,9,9,runner,rule-example,,3,doubling the final consonant,,,done,"A person who runs, especially in a race.",Every runner lined up at the starting line.,,
92,2,year2,autumn,9,9,runny,rule-example,,3,doubling the final consonant,,,done,Flowing like a liquid instead of being thick or solid.,His nose was runny because of his cold.,,
93,2,year2,autumn,9,9,sadder,rule-example,,2,doubling the final consonant,,,done,More sad — feeling more unhappy than before.,She felt sadder when her holiday came to an end.,,
94,2,year2,autumn,9,9,saddest,rule-example,,2,doubling the final consonant,,,done,Most sad — the most unhappy out of everyone or everything.,That was the saddest film I've ever watched.,,
95,2,year2,autumn,9,9,talk,rule-example,,3,a before l/ll for /ɔ:/,,,done,"To say words to someone, having a conversation.",We like to talk about our day at teatime.,,
96,2,year2,autumn,9,9,walk,rule-example,,3,a before l/ll for /ɔ:/,,,done,To move by putting one foot in front of the other.,We walk to school together every morning.,,
97,2,year2,autumn,10,10,Monday,rule-example,,3,o for /ʌ/,,,done,"The first day of the school week, straight after Sunday.",We have swimming lessons every Monday after school.,,
98,2,year2,autumn,10,10,always,rule-example,,3,a before l/ll for /ɔ:/,,,done,"Every time, without exception.",Grandma always waves until we're out of sight.,,
99,2,year2,autumn,10,10,brother,rule-example,,3,o for /ʌ/,,,done,A boy who has the same parents as you.,My brother is two years older than me.,,
100,2,year2,autumn,10,10,chimney,rule-example,,3,-ey for /i:/,,,done,"A pipe that lets smoke escape from a fire, usually through a roof.",Smoke curled up from the cottage chimney.,,
101,2,year2,autumn,10,10,donkey,rule-example,,3,-ey for /i:/,,,done,"An animal like a small horse with long ears, often used to carry loads.",We fed carrots to the donkey at the farm.,,
102,2,year2,autumn,10,10,key,rule-example,,3,-ey for /i:/,,,done,"A small metal tool used to lock or unlock something, like a door.",Don't forget your front door key.,,
103,2,year2,autumn,10,10,monkey,rule-example,,3,-ey for /i:/,,,done,A furry animal with a long tail that lives in trees and is good at climbing.,The monkey swung from branch to branch.,,
104,2,year2,autumn,10,10,mother,rule-example,,3,o for /ʌ/,,,done,A female parent.,My mother reads me a story every night.,,
105,2,year2,autumn,10,10,nothing,rule-example,,3,o for /ʌ/,,,done,Not anything at all.,There was nothing left on the plate after tea.,,
106,2,year2,autumn,10,10,other,rule-example,,3,o for /ʌ/,,,done,"A different one, not this one.","Could you pass me the other pencil, please?",,
107,2,year2,autumn,10,10,valley,rule-example,,3,-ey for /i:/,,,done,"Low land between hills or mountains, often with a river running through it.",The village sits in a green valley.,,
108,2,year2,autumn,10,10,want,rule-example,,3,a after w/qu for /ɒ/,,,done,To wish for or desire something.,Do you want an apple or a banana?,,
109,2,year2,autumn,11,11,quantity,rule-example,,3,a after w/qu for /ɒ/,,,done,An amount of something that can be counted or measured.,We need a large quantity of paper for the display.,,
110,2,year2,autumn,11,11,squash,rule-example,,3,a after w/qu for /ɒ/,,,done,"To press something flat, or a fruity drink you mix with water.",Be careful not to squash the strawberries in the bag.,,
111,2,year2,autumn,11,11,towards,rule-example,,3,ar after w for /ɔ:/,,,done,In the direction of something or someone.,The dog ran towards its owner.,,
112,2,year2,autumn,11,11,wander,rule-example,,3,a after w/qu for /ɒ/,,,done,To walk around slowly without a clear direction.,We let the dog wander around the field for a while.,,
113,2,year2,autumn,11,11,war,rule-example,,3,ar after w for /ɔ:/,,,done,Fighting between two or more countries or groups over a long time.,The museum has old photographs from the war.,,
114,2,year2,autumn,11,11,warm,rule-example,,3,ar after w for /ɔ:/,,,done,"A little bit hot — not cold, but not too hot either.","Put on a jumper, it's not very warm outside.",,
115,2,year2,autumn,11,11,watch,rule-example,,3,a after w/qu for /ɒ/,,,done,"To look at something carefully, or a device worn on your wrist to tell the time.",We sat down to watch the football match together.,,
116,2,year2,autumn,11,11,word,rule-example,,3,or after w for /ɜ:/,,,done,"A single unit of language, made of letters, that has its own meaning.",Can you think of a word that rhymes with 'cat'?,,
117,2,year2,autumn,11,11,work,rule-example,,3,or after w for /ɜ:/,,,done,"An activity you do that takes effort, especially a job.",My dad goes to work early on Mondays.,,
118,2,year2,autumn,11,11,world,rule-example,,3,or after w for /ɜ:/,,,done,"The whole planet Earth, and everything on it.",She wants to travel around the world one day.,,
119,2,year2,autumn,11,11,worm,rule-example,,3,or after w for /ɜ:/,,,done,"A long, thin creature with no legs that lives in soil.",The blackbird pulled a worm out of the lawn.,,
120,2,year2,autumn,11,11,worth,rule-example,,3,or after w for /ɜ:/,,,done,"How much something is valued at, or deserving of something.",That old coin is worth a lot of money.,,
121,2,year2,autumn,12,12,badly,rule-example,,3,"suffixes -ment, -ness, -ful, -less, -ly",,,done,In a poor way — not done well.,The team played badly in the first half.,,
122,2,year2,autumn,12,12,careful,rule-example,,3,"suffixes -ment, -ness, -ful, -less, -ly",,,done,Paying close attention so as not to make a mistake or get hurt.,Be careful when you cross the road.,,
123,2,year2,autumn,12,12,enjoyment,rule-example,,3,"suffixes -ment, -ness, -ful, -less, -ly",,,done,A feeling of pleasure or happiness from doing something.,Painting gives her a lot of enjoyment.,,
124,2,year2,autumn,12,12,happiness,rule-example,,3,"suffixes -ment, -ness, -ful, -less, -ly",,,done,A feeling of being pleased or cheerful.,Her smile was full of happiness.,,
125,2,year2,autumn,12,12,hopeless,rule-example,,3,"suffixes -ment, -ness, -ful, -less, -ly",,,done,"Having no hope, or very bad at doing something.",He felt hopeless when he lost his favourite toy.,,
126,2,year2,autumn,12,12,merriment,rule-example,,3,"suffixes -ment, -ness, -ful, -less, -ly",,,done,"Cheerful fun and laughter, especially at a celebration.",There was plenty of merriment at the school fair.,,
127,2,year2,autumn,12,12,plainness,rule-example,,3,"suffixes -ment, -ness, -ful, -less, -ly",,,done,"The quality of being simple or ordinary, without decoration.",I liked the plainness of the white walls in her room.,,
128,2,year2,autumn,12,12,playful,rule-example,,3,"suffixes -ment, -ness, -ful, -less, -ly",,,done,"Fond of games and fun, in a light-hearted way.",The playful puppy chased its own tail.,,
129,2,year2,autumn,12,12,sadness,rule-example,,3,"suffixes -ment, -ness, -ful, -less, -ly",,,done,A feeling of being unhappy.,There was a moment of sadness when the holiday ended.,,
130,2,year2,autumn,12,12,television,rule-example,,3,s for /ʒ/,,,done,A device with a screen used for watching programmes and films.,We watched a nature programme on the television.,,
131,2,year2,autumn,12,12,treasure,rule-example,,3,s for /ʒ/,,,done,"Valuable things, like gold, jewels or money, often hidden or buried.",The pirates buried their treasure on the island.,,
132,2,year2,autumn,12,12,usual,rule-example,,3,s for /ʒ/,,,done,"Happening or done most of the time, as normal.",We met at our usual spot by the gates.,,
133,2,year2,autumn,13,13,I'll,rule-example,,4,contractions,,,done,A short way of writing 'I will'.,I'll help you carry those bags.,,
134,2,year2,autumn,13,13,can't,rule-example,,4,contractions,,,done,A short way of writing 'cannot'.,I can't find my other shoe anywhere.,,
135,2,year2,autumn,13,13,child's,rule-example,,4,possessive apostrophe (singular nouns),,,done,Belonging to one child.,That is the child's favourite toy.,,
136,2,year2,autumn,13,13,couldn't,rule-example,,4,contractions,,,done,A short way of writing 'could not'.,She couldn't reach the top shelf.,,
137,2,year2,autumn,13,13,didn't,rule-example,,4,contractions,,,done,A short way of writing 'did not'.,He didn't hear the bell ring.,,
138,2,year2,autumn,13,13,girl's,rule-example,,4,possessive apostrophe (singular nouns),,,done,Belonging to one girl.,The girl's coat was hanging by the door.,,
139,2,year2,autumn,13,13,happily,rule-example,,4,"suffixes -ment, -ness, -ful, -less, -ly",,,done,In a cheerful or pleased way.,The children played happily in the garden all afternoon.,,
140,2,year2,autumn,13,13,hasn't,rule-example,,4,contractions,,,done,A short way of writing 'has not'.,The post hasn't arrived yet this morning.,,
141,2,year2,autumn,13,13,it's,rule-example,,4,contractions,,,done,A short way of writing 'it is' or 'it has'.,It's raining again outside.,,
142,2,year2,autumn,13,13,man's,rule-example,,4,possessive apostrophe (singular nouns),,,done,Belonging to one man.,The man's umbrella blew inside out in the wind.,,
143,2,year2,autumn,13,13,penniless,rule-example,,4,"suffixes -ment, -ness, -ful, -less, -ly",,,done,Having no money at all.,The character in the story started out penniless.,,
144,2,year2,autumn,13,13,plentiful,rule-example,,3,"suffixes -ment, -ness, -ful, -less, -ly",,,done,Available in a large amount.,Apples were plentiful in the orchard that autumn.,,
145,2,year2,autumn,14,14,cat's,rule-example,,4,possessive apostrophe (singular nouns),,,done,Belonging to one cat.,The cat's bowl was empty again.,,
146,2,year2,autumn,14,14,dog's,rule-example,,4,possessive apostrophe (singular nouns),,,done,Belonging to one dog.,The dog's lead was hanging on the hook.,,
147,2,year2,autumn,14,14,fiction,rule-example,,4,-tion ending,,,done,"Stories about made-up people and events, not things that really happened.",She loves reading fiction before bed.,,
148,2,year2,autumn,14,14,motion,rule-example,,4,-tion ending,,,done,"Movement, or the act of moving.",The swing was still in motion when we arrived.,,
149,2,year2,autumn,14,14,national,rule-example,,4,-tion ending,,,done,Belonging to or shared by a whole country.,It was shown on the national news.,,
150,2,year2,autumn,14,14,quiet,rule-example,,4,homophones,,,done,"Making very little noise, or calm and peaceful.",Please be quiet in the library.,,
151,2,year2,autumn,14,14,quite,rule-example,,4,homophones,,,done,"Fairly, or completely — used to make a word stronger or softer.","It was quite cold this morning, so wear a coat.",,
152,2,year2,autumn,14,14,section,rule-example,,4,-tion ending,,,done,"One part of something bigger, like a book or a shop.",The fruit is in the first section of the supermarket.,,
153,2,year2,autumn,14,14,station,rule-example,,4,-tion ending,,,done,A building where trains or buses stop to pick up and drop off passengers.,We waited on the platform at the train station.,,
154,2,year2,autumn,14,14,their,rule-example,,4,homophones,,,done,Belonging to them.,The children put their coats on the pegs.,,
155,2,year2,autumn,14,14,there,rule-example,,4,homophones,,,done,In or at that place.,"Put the box down over there, please.",,
156,2,year2,autumn,14,14,they're,rule-example,,4,homophones,,,done,A short way of writing 'they are'.,They're coming round for tea later.,,
157,2,year2,autumn,15,15,because,common-exception,,4,common exception words,,,done,A word you use to give the reason for something.,I put on my coat because it was raining.,,
158,2,year2,autumn,15,15,bee,rule-example,,4,homophones,,,done,A flying insect with stripes that makes honey and can sting (sounds like 'be').,A bee landed on the bright yellow flower.,,
159,2,year2,autumn,15,15,blew,rule-example,,4,homophones,,,done,Moved air out through your lips (the past tense of 'blow'; sounds like 'blue').,The wind blew the leaves across the playground.,,
160,2,year2,autumn,15,15,door,common-exception,,4,common exception words,,,done,A part of a wall that opens and closes so you can walk into or out of a room.,She knocked on the door before going in.,,
161,2,year2,autumn,15,15,find,common-exception,,4,common exception words,,,done,"To discover something you were looking for, or something you didn't know was there.",Can you help me find my missing shoe?,,
162,2,year2,autumn,15,15,floor,common-exception,,4,common exception words,,,done,The flat surface you stand and walk on inside a room.,The cat curled up asleep on the kitchen floor.,,
163,2,year2,autumn,15,15,knight,rule-example,,4,homophones,,,done,A soldier in armour from long ago who served a king or queen (sounds like 'night').,The knight rode into the castle on his horse.,,
164,2,year2,autumn,15,15,poor,common-exception,,4,common exception words,,,done,Having very little money.,The charity gave warm coats to poor families before winter.,,
165,2,year2,autumn,15,15,son,rule-example,,4,homophones,,,done,A person's male child (sounds like 'sun').,Their son just started at a new school.,,
166,2,year2,autumn,15,15,too,rule-example,,4,homophones,,,done,"As well, or more than is needed (sounds like 'to' and 'two').",Can I come too?,,
167,2,year2,autumn,15,15,two,rule-example,,4,homophones,,,done,The number 2 (sounds like 'to' and 'too').,She has two brothers and one sister.,,
168,2,year2,autumn,15,15,won,rule-example,,4,homophones,,,done,"Came first, or was successful in a game or competition (sounds like 'one').",Our team won the match on Saturday.,,
169,2,year2,spring,1,16,behind,common-exception,,4,common exception words,,,done,"At the back of something, or in the place someone or something has left.",The ball rolled behind the sofa.,,
170,2,year2,spring,1,16,both,common-exception,,5,common exception words,,,done,"The two of them together, not just one.",Both of my grandparents came to watch the school play.,,
171,2,year2,spring,1,16,child,common-exception,,4,common exception words,,,done,A young boy or girl who is not yet grown up.,Each child in the class made a birthday card.,,
172,2,year2,spring,1,16,children,common-exception,,4,common exception words,,,done,More than one child — young boys and girls.,The children lined up quietly outside the hall.,,
173,2,year2,spring,1,16,climb,common-exception,,4,common exception words,,,done,To move up (or sometimes down) something using your hands and feet.,He loves to climb the big oak tree in the park.,,
174,2,year2,spring,1,16,cold,common-exception,,5,common exception words,,,done,Having a low temperature — not warm at all.,"Wrap up warm, it's freezing cold outside today.",,
175,2,year2,spring,1,16,kind,common-exception,,4,common exception words,,,done,"Friendly, caring and generous towards other people.",It was so kind of you to share your lunch with me.,,
176,2,year2,spring,1,16,mind,common-exception,,4,common exception words,,,done,"The part of you that thinks, remembers and imagines things.",Close your eyes and picture the beach in your mind.,,
177,2,year2,spring,1,16,most,common-exception,,4,common exception words,,,done,The biggest amount or number out of a group.,Most of the class chose pizza for lunch.,,
178,2,year2,spring,1,16,old,common-exception,,5,common exception words,,,done,Having lived or existed for a long time — not new or young.,My grandad has an old photograph from his school days.,,
179,2,year2,spring,1,16,only,common-exception,,4,common exception words,,,done,"Just one, and no more than that.",She was the only person left in the playground.,,
180,2,year2,spring,1,16,wild,common-exception,,4,common exception words,,,done,"Living or growing freely in nature, not kept as a pet or grown on a farm.",We spotted a wild deer at the edge of the forest.,,
181,2,year2,spring,2,17,after,common-exception,,5,common exception words,,,done,"Later than something, or coming next in time.",We always brush our teeth after breakfast.,,
182,2,year2,spring,2,17,beautiful,common-exception,,5,common exception words,,,done,Very pleasing to look at or listen to.,The sunset over the hills was absolutely beautiful.,,
183,2,year2,spring,2,17,break,common-exception,,5,common exception words,,,done,To split something into two or more pieces.,Please don't break the crayons in half.,,
184,2,year2,spring,2,17,even,common-exception,,5,common exception words,,,done,"A number that can be shared exactly between two people with none left over, like 2, 4 or 6.",Four is an even number because you can split it in half exactly.,,
185,2,year2,spring,2,17,every,common-exception,,5,common exception words,,,done,"Each one, with none left out.",Every seat in the theatre was full.,,
186,2,year2,spring,2,17,everybody,common-exception,,5,common exception words,,,done,Every person — all the people in a group.,Everybody cheered when the team scored a goal.,,
187,2,year2,spring,2,17,gold,common-exception,,5,common exception words,,,done,"A shiny yellow metal that is very valuable, or a bright yellow colour like it.",The winner was given a gold medal to wear round her neck.,,
188,2,year2,spring,2,17,great,common-exception,,5,common exception words,,,done,"Very good, or very large in size or amount.",We had a great time at the seaside on Saturday.,,
189,2,year2,spring,2,17,hold,common-exception,,5,common exception words,,,done,To carry or grip something in your hands or arms.,Please hold my hand while we cross the road.,,
190,2,year2,spring,2,17,pretty,common-exception,,5,common exception words,,,done,Nice to look at — attractive in a delicate or charming way.,She picked a pretty flower from the garden.,,
191,2,year2,spring,2,17,steak,common-exception,,5,common exception words,,,done,"A thick slice of meat, often cooked on a grill or in a pan.",Dad cooked steak and vegetables for Sunday dinner.,,
192,2,year2,spring,2,17,told,common-exception,,5,common exception words,,,done,"Said something to someone, or gave them information (the past tense of 'tell').",She told her friend a funny story at lunchtime.,,
193,2,year2,spring,3,18,bath,common-exception,,5,common exception words,,,done,A large tub you fill with water to wash your whole body in.,I always have a warm bath before bedtime.,,
194,2,year2,spring,3,18,class,common-exception,,5,common exception words,,,done,"A group of pupils who learn together, or a group of things of the same kind.",Our class is going on a trip to the museum.,,
195,2,year2,spring,3,18,fast,common-exception,,5,common exception words,,,done,Moving or happening quickly.,He can run really fast across the playground.,,
196,2,year2,spring,3,18,father,common-exception,,5,common exception words,,,done,A male parent.,Her father picks her up from school on Fridays.,,
197,2,year2,spring,3,18,grass,common-exception,,5,common exception words,,,done,"The green plants that cover fields, parks and lawns.",We had a picnic sitting on the grass.,,
198,2,year2,spring,3,18,hour,common-exception,,5,common exception words,,,done,A unit of time equal to sixty minutes.,The film lasts about an hour and a half.,,
199,2,year2,spring,3,18,last,common-exception,,5,common exception words,,,done,"Coming after all the others, or most recent.",She was the last person to leave the classroom.,,
200,2,year2,spring,3,18,move,common-exception,,5,common exception words,,,done,To go from one place or position to another.,"Could you move your bag off the chair, please?",,
201,2,year2,spring,3,18,pass,common-exception,,5,common exception words,,,done,"To go past something, or to hand something to someone.","Could you pass the salt, please?",,
202,2,year2,spring,3,18,past,common-exception,,5,common exception words,,,done,"Time that has already happened, or going beyond something.","In the past, people didn't have mobile phones.",,
203,2,year2,spring,3,18,path,common-exception,,5,common exception words,,,done,A narrow track for walking along.,We followed the path through the woods.,,
204,2,year2,spring,3,18,plant,common-exception,,5,common exception words,,,done,"A living thing that grows in soil, like a flower or tree, or to put seeds in the ground.",She helped Grandad plant sunflower seeds in the garden.,,
205,2,year2,spring,4,19,again,common-exception,,5,common exception words,,,done,"One more time, or once more.","Can you read that story again, please?",,
206,2,year2,spring,4,19,any,common-exception,,5,common exception words,,,done,"Some, or even a small amount, of something.",Is there any milk left in the fridge?,,
207,2,year2,spring,4,19,busy,common-exception,,5,common exception words,,,done,"Having a lot to do, or full of activity.",The high street was busy with shoppers on Saturday.,,
208,2,year2,spring,4,19,clothes,common-exception,,5,common exception words,,,done,"The things people wear, like trousers, jumpers and coats.",Please put your dirty clothes in the wash basket.,,
209,2,year2,spring,4,19,eye,common-exception,,5,common exception words,,,done,The part of your body you use to see with.,She winked one eye at her friend.,,
210,2,year2,spring,4,19,improve,common-exception,,5,common exception words,,,done,To get better at something.,Practising every day will help you improve your spelling.,,
211,2,year2,spring,4,19,many,common-exception,,5,common exception words,,,done,A large number of something.,There were many children waiting at the bus stop.,,
212,2,year2,spring,4,19,prove,common-exception,,5,common exception words,,,done,To show that something is definitely true.,The photos prove that we really did visit the castle.,,
213,2,year2,spring,4,19,sugar,common-exception,,5,common exception words,,,done,A sweet substance used to make food and drinks taste sweeter.,"Just one spoonful of sugar in my tea, please.",,
214,2,year2,spring,4,19,sure,common-exception,,5,common exception words,,,done,"Certain, without any doubt.",Are you sure you packed your PE kit?,,
215,2,year2,spring,4,19,who,common-exception,,5,common exception words,,,done,Which person — used to ask about or describe a person.,Who left their coat on the floor?,,
216,2,year2,spring,4,19,whole,common-exception,,5,common exception words,,,done,"All of something, complete, with nothing missing.",She ate the whole apple in one go.,,
217,2,year2,spring,5,20,Christmas,common-exception,,5,common exception words,,,done,"A celebration on 25th December, when many people give gifts and decorate trees.",We put the tree up two weeks before Christmas.,,
218,2,year2,spring,5,20,Mr,common-exception,,5,common exception words,,,done,A short title used before a man's name.,Mr Johnson teaches us maths on Tuesdays.,,
219,2,year2,spring,5,20,Mrs,common-exception,,5,common exception words,,,done,A short title used before a married woman's name.,Mrs Patel runs the school office.,,
220,2,year2,spring,5,20,half,common-exception,,5,common exception words,,,done,One of two equal parts of something.,Can I have half of your sandwich?,,
221,2,year2,spring,5,20,money,common-exception,,5,common exception words,,,done,Coins and notes used to buy and pay for things.,She saved her pocket money for a new bike.,,
222,2,year2,spring,5,20,parents,common-exception,,5,common exception words,,,done,A person's mother and father.,Both of my parents came to the school concert.,,
223,3,year3,autumn,2,2,accidentally,statutory-word-list,yes,1,NC Appendix 1 statutory word list (Years 3/4),yes,,todo,,,,
224,3,year3,autumn,2,2,actually,statutory-word-list,yes,1,NC Appendix 1 statutory word list (Years 3/4),yes,,todo,,,,
225,3,year3,autumn,2,2,address,statutory-word-list,yes,1,NC Appendix 1 statutory word list (Years 3/4),yes,,todo,,,,
226,3,year3,autumn,2,2,answer,statutory-word-list,yes,1,NC Appendix 1 statutory word list (Years 3/4),yes,,todo,,,,
227,3,year3,autumn,2,2,appear,statutory-word-list,yes,1,NC Appendix 1 statutory word list (Years 3/4),yes,,todo,,,,
228,3,year3,autumn,2,2,arrive,statutory-word-list,yes,1,NC Appendix 1 statutory word list (Years 3/4),yes,,todo,,,,
229,3,year3,autumn,2,2,believe,statutory-word-list,yes,1,NC Appendix 1 statutory word list (Years 3/4),yes,,todo,,,,
230,3,year3,autumn,2,2,bicycle,statutory-word-list,yes,1,NC Appendix 1 statutory word list (Years 3/4),yes,,todo,,,,
231,3,year3,autumn,2,2,breath,statutory-word-list,yes,1,NC Appendix 1 statutory word list (Years 3/4),yes,,todo,,,,
232,3,year3,autumn,2,2,breathe,statutory-word-list,yes,1,NC Appendix 1 statutory word list (Years 3/4),yes,,todo,,,,
233,3,year3,autumn,2,2,build,statutory-word-list,yes,1,NC Appendix 1 statutory word list (Years 3/4),yes,,todo,,,,
234,3,year3,autumn,2,2,business,statutory-word-list,yes,1,NC Appendix 1 statutory word list (Years 3/4),yes,,todo,,,,
235,3,year3,autumn,2,2,busy,statutory-word-list,yes,1,NC Appendix 1 statutory word list (Years 3/4),yes,,todo,,,,
236,3,year3,autumn,2,2,calendar,statutory-word-list,yes,1,NC Appendix 1 statutory word list (Years 3/4),yes,,todo,,,,
237,3,year3,autumn,2,2,caught,statutory-word-list,yes,1,NC Appendix 1 statutory word list (Years 3/4),yes,,todo,,,,
238,3,year3,autumn,3,3,centre,statutory-word-list,yes,1,NC Appendix 1 statutory word list (Years 3/4),yes,,todo,,,,
239,3,year3,autumn,3,3,century,statutory-word-list,yes,1,NC Appendix 1 statutory word list (Years 3/4),yes,,todo,,,,
240,3,year3,autumn,3,3,certain,statutory-word-list,yes,1,NC Appendix 1 statutory word list (Years 3/4),yes,,todo,,,,
241,3,year3,autumn,3,3,circle,statutory-word-list,yes,1,NC Appendix 1 statutory word list (Years 3/4),yes,,todo,,,,
242,3,year3,autumn,3,3,complete,statutory-word-list,yes,1,NC Appendix 1 statutory word list (Years 3/4),yes,,todo,,,,
243,3,year3,autumn,3,3,consider,statutory-word-list,yes,1,NC Appendix 1 statutory word list (Years 3/4),yes,,todo,,,,
244,3,year3,autumn,3,3,continue,statutory-word-list,yes,1,NC Appendix 1 statutory word list (Years 3/4),yes,,todo,,,,
245,3,year3,autumn,3,3,decide,statutory-word-list,yes,1,NC Appendix 1 statutory word list (Years 3/4),yes,,todo,,,,
246,3,year3,autumn,3,3,describe,statutory-word-list,yes,1,NC Appendix 1 statutory word list (Years 3/4),yes,,todo,,,,
247,3,year3,autumn,3,3,different,statutory-word-list,yes,1,NC Appendix 1 statutory word list (Years 3/4),yes,,todo,,,,
248,3,year3,autumn,3,3,difficult,statutory-word-list,yes,1,NC Appendix 1 statutory word list (Years 3/4),yes,,todo,,,,
249,3,year3,autumn,3,3,disappear,statutory-word-list,yes,2,NC Appendix 1 statutory word list (Years 3/4),yes,,todo,,,,
250,3,year3,autumn,3,3,early,statutory-word-list,yes,2,NC Appendix 1 statutory word list (Years 3/4),yes,,todo,,,,
251,3,year3,autumn,3,3,earth,statutory-word-list,yes,2,NC Appendix 1 statutory word list (Years 3/4),yes,,todo,,,,
252,3,year3,autumn,3,3,eight,statutory-word-list,yes,2,NC Appendix 1 statutory word list (Years 3/4),yes,,todo,,,,
253,3,year3,autumn,4,4,February,statutory-word-list,yes,2,NC Appendix 1 statutory word list (Years 3/4),yes,,todo,,,,
254,3,year3,autumn,4,4,eighth,statutory-word-list,yes,2,NC Appendix 1 statutory word list (Years 3/4),yes,,todo,,,,
255,3,year3,autumn,4,4,enough,statutory-word-list,yes,2,NC Appendix 1 statutory word list (Years 3/4),yes,,todo,,,,
256,3,year3,autumn,4,4,exercise,statutory-word-list,yes,2,NC Appendix 1 statutory word list (Years 3/4),yes,,todo,,,,
257,3,year3,autumn,4,4,experience,statutory-word-list,yes,2,NC Appendix 1 statutory word list (Years 3/4),yes,,todo,,,,
258,3,year3,autumn,4,4,experiment,statutory-word-list,yes,2,NC Appendix 1 statutory word list (Years 3/4),yes,,todo,,,,
259,3,year3,autumn,4,4,extreme,statutory-word-list,yes,2,NC Appendix 1 statutory word list (Years 3/4),yes,,todo,,,,
260,3,year3,autumn,4,4,famous,statutory-word-list,yes,2,NC Appendix 1 statutory word list (Years 3/4),yes,,todo,,,,
261,3,year3,autumn,4,4,favourite,statutory-word-list,yes,2,NC Appendix 1 statutory word list (Years 3/4),yes,,todo,,,,
262,3,year3,autumn,4,4,forward,statutory-word-list,yes,2,NC Appendix 1 statutory word list (Years 3/4),yes,,todo,,,,
263,3,year3,autumn,4,4,fruit,statutory-word-list,yes,2,NC Appendix 1 statutory word list (Years 3/4),yes,,todo,,,,
264,3,year3,autumn,4,4,grammar,statutory-word-list,yes,2,NC Appendix 1 statutory word list (Years 3/4),yes,,todo,,,,
265,3,year3,autumn,4,4,group,statutory-word-list,yes,2,NC Appendix 1 statutory word list (Years 3/4),yes,,todo,,,,
266,3,year3,autumn,4,4,guard,statutory-word-list,yes,2,NC Appendix 1 statutory word list (Years 3/4),yes,,todo,,,,
267,3,year3,autumn,4,4,guide,statutory-word-list,yes,2,NC Appendix 1 statutory word list (Years 3/4),yes,,todo,,,,
268,3,year3,autumn,5,5,beginner,rule-example,,3,doubling the final consonant before a vowel suffix (stressed syllable),yes,,todo,,,,
269,3,year3,autumn,5,5,beginning,rule-example,,3,doubling the final consonant before a vowel suffix (stressed syllable),yes,,todo,,,,
270,3,year3,autumn,5,5,forgetting,rule-example,,2,doubling the final consonant before a vowel suffix (stressed syllable),yes,,todo,,,,
271,3,year3,autumn,5,5,forgotten,rule-example,,2,doubling the final consonant before a vowel suffix (stressed syllable),yes,,todo,,,,
272,3,year3,autumn,5,5,gardener,rule-example,,3,no doubling when the final syllable is unstressed,yes,,todo,,,,
273,3,year3,autumn,5,5,gardening,rule-example,,3,no doubling when the final syllable is unstressed,yes,,todo,,,,
274,3,year3,autumn,5,5,heard,statutory-word-list,yes,2,NC Appendix 1 statutory word list (Years 3/4),yes,,todo,,,,
275,3,year3,autumn,5,5,heart,statutory-word-list,yes,2,NC Appendix 1 statutory word list (Years 3/4),yes,,todo,,,,
276,3,year3,autumn,5,5,height,statutory-word-list,yes,2,NC Appendix 1 statutory word list (Years 3/4),yes,,todo,,,,
277,3,year3,autumn,5,5,history,statutory-word-list,yes,2,NC Appendix 1 statutory word list (Years 3/4),yes,,todo,,,,
278,3,year3,autumn,5,5,imagine,statutory-word-list,yes,2,NC Appendix 1 statutory word list (Years 3/4),yes,,todo,,,,
279,3,year3,autumn,5,5,limited,rule-example,,3,no doubling when the final syllable is unstressed,yes,,todo,,,,
280,3,year3,autumn,5,5,limiting,rule-example,,3,no doubling when the final syllable is unstressed,yes,,todo,,,,
281,3,year3,autumn,5,5,prefer,rule-example,,3,doubling the final consonant before a vowel suffix (stressed syllable),yes,,todo,,,,
282,3,year3,autumn,5,5,preferred,rule-example,,3,doubling the final consonant before a vowel suffix (stressed syllable),yes,,todo,,,,
283,3,year3,autumn,6,6,Egypt,rule-example,,3,the /ɪ/ sound spelt y mid-word,yes,,todo,,,,
284,3,year3,autumn,6,6,country,rule-example,,3,the /ʌ/ sound spelt ou,yes,,todo,,,,
285,3,year3,autumn,6,6,disagree,rule-example,,3,prefix dis-,yes,,todo,,,,
286,3,year3,autumn,6,6,disappoint,rule-example,,3,prefix dis-,yes,,todo,,,,
287,3,year3,autumn,6,6,disobey,rule-example,,3,prefix dis-,yes,,todo,,,,
288,3,year3,autumn,6,6,double,rule-example,,3,the /ʌ/ sound spelt ou,yes,,todo,,,,
289,3,year3,autumn,6,6,gym,rule-example,,3,the /ɪ/ sound spelt y mid-word,yes,,todo,,,,
290,3,year3,autumn,6,6,limitation,rule-example,,3,no doubling when the final syllable is unstressed,yes,,todo,,,,
291,3,year3,autumn,6,6,misbehave,rule-example,,3,prefix mis-,yes,,todo,,,,
292,3,year3,autumn,6,6,mystery,rule-example,,3,the /ɪ/ sound spelt y mid-word,yes,,todo,,,,
293,3,year3,autumn,6,6,myth,rule-example,,3,the /ɪ/ sound spelt y mid-word,yes,,todo,,,,
294,3,year3,autumn,6,6,pyramid,rule-example,,3,the /ɪ/ sound spelt y mid-word,yes,,todo,,,,
295,3,year3,autumn,6,6,touch,rule-example,,3,the /ʌ/ sound spelt ou,yes,,todo,,,,
296,3,year3,autumn,6,6,trouble,rule-example,,3,the /ʌ/ sound spelt ou,yes,,todo,,,,
297,3,year3,autumn,6,6,young,rule-example,,3,the /ʌ/ sound spelt ou,yes,,todo,,,,
298,3,year3,autumn,7,7,illegal,rule-example,,4,prefix in- becomes il- before l,yes,,todo,,,,
299,3,year3,autumn,7,7,illegible,rule-example,,4,prefix in- becomes il- before l,yes,,todo,,,,
300,3,year3,autumn,7,7,immature,rule-example,,4,prefix in- becomes im- before m/p,yes,,todo,,,,
301,3,year3,autumn,7,7,immortal,rule-example,,4,prefix in- becomes im- before m/p,yes,,todo,,,,
302,3,year3,autumn,7,7,impatient,rule-example,,4,prefix in- becomes im- before m/p,yes,,todo,,,,
303,3,year3,autumn,7,7,imperfect,rule-example,,4,prefix in- becomes im- before m/p,yes,,todo,,,,
304,3,year3,autumn,7,7,impossible,rule-example,,4,prefix in- becomes im- before m/p,yes,,todo,,,,
305,3,year3,autumn,7,7,inactive,rule-example,,3,prefix in- meaning 'not',yes,,todo,,,,
306,3,year3,autumn,7,7,incorrect,rule-example,,4,prefix in- meaning 'not',yes,,todo,,,,
307,3,year3,autumn,7,7,irregular,rule-example,,4,prefix in- becomes ir- before r,yes,,todo,,,,
308,3,year3,autumn,7,7,irrelevant,rule-example,,4,prefix in- becomes ir- before r,yes,,todo,,,,
309,3,year3,autumn,7,7,irresponsible,rule-example,,4,prefix in- becomes ir- before r,yes,,todo,,,,
310,3,year3,autumn,7,7,mislead,rule-example,,3,prefix mis-,yes,,todo,,,,
311,3,year3,autumn,7,7,misspell,rule-example,,3,prefix mis-,yes,,todo,,,,
312,3,year3,autumn,7,7,redo,rule-example,,4,prefix re- meaning again/back,yes,,todo,,,,
313,3,year3,autumn,8,8,antiseptic,rule-example,,5,prefix anti- meaning against,yes,,todo,,,,
314,3,year3,autumn,8,8,interact,rule-example,,4,prefix inter- meaning between/among,yes,,todo,,,,
315,3,year3,autumn,8,8,intercity,rule-example,,4,prefix inter- meaning between/among,yes,,todo,,,,
316,3,year3,autumn,8,8,international,rule-example,,4,prefix inter- meaning between/among,yes,,todo,,,,
317,3,year3,autumn,8,8,reappear,rule-example,,4,prefix re- meaning again/back,yes,,todo,,,,
318,3,year3,autumn,8,8,redecorate,rule-example,,4,prefix re- meaning again/back,yes,,todo,,,,
319,3,year3,autumn,8,8,refresh,rule-example,,4,prefix re- meaning again/back,yes,,todo,,,,
320,3,year3,autumn,8,8,return,rule-example,,4,prefix re- meaning again/back,yes,,todo,,,,
321,3,year3,autumn,8,8,subdivide,rule-example,,4,prefix sub- meaning under,yes,,todo,,,,
322,3,year3,autumn,8,8,subheading,rule-example,,4,prefix sub- meaning under,yes,,todo,,,,
323,3,year3,autumn,8,8,submarine,rule-example,,4,prefix sub- meaning under,yes,,todo,,,,
324,3,year3,autumn,8,8,submerge,rule-example,,4,prefix sub- meaning under,yes,,todo,,,,
325,3,year3,autumn,8,8,superman,rule-example,,4,prefix super- meaning above,yes,,todo,,,,
326,3,year3,autumn,8,8,supermarket,rule-example,,4,prefix super- meaning above,yes,,todo,,,,
327,3,year3,autumn,8,8,superstar,rule-example,,4,prefix super- meaning above,yes,,todo,,,,
328,3,year3,autumn,9,9,admiration,rule-example,,5,suffix -ation added to verbs to form nouns,yes,,todo,,,,
329,3,year3,autumn,9,9,adoration,rule-example,,5,suffix -ation added to verbs to form nouns,yes,,todo,,,,
330,3,year3,autumn,9,9,angrily,rule-example,,5,suffix -ly: y changes to i for multi-syllable words,yes,,todo,,,,
331,3,year3,autumn,9,9,antisocial,rule-example,,5,prefix anti- meaning against,yes,,todo,,,,
332,3,year3,autumn,9,9,autobiography,rule-example,,5,prefix auto- meaning self/own,yes,,todo,,,,
333,3,year3,autumn,9,9,autograph,rule-example,,5,prefix auto- meaning self/own,yes,,todo,,,,
334,3,year3,autumn,9,9,comically,rule-example,,5,suffix -ly added to adjectives to form adverbs,yes,,todo,,,,
335,3,year3,autumn,9,9,completely,rule-example,,5,suffix -ly added to adjectives to form adverbs,yes,,todo,,,,
336,3,year3,autumn,9,9,finally,rule-example,,5,suffix -ly added to adjectives to form adverbs,yes,,todo,,,,
337,3,year3,autumn,9,9,happily,rule-example,,5,suffix -ly: y changes to i for multi-syllable words,yes,,todo,,,,
338,3,year3,autumn,9,9,information,rule-example,,5,suffix -ation added to verbs to form nouns,yes,,todo,,,,
339,3,year3,autumn,9,9,preparation,rule-example,,5,suffix -ation added to verbs to form nouns,yes,,todo,,,,
340,3,year3,autumn,9,9,sadly,rule-example,,5,suffix -ly added to adjectives to form adverbs,yes,,todo,,,,
341,3,year3,autumn,9,9,sensation,rule-example,,5,suffix -ation added to verbs to form nouns,yes,,todo,,,,
342,3,year3,autumn,9,9,usually,rule-example,,5,suffix -ly added to adjectives to form adverbs,yes,,todo,,,,
343,3,year3,autumn,10,10,basically,rule-example,,5,suffix -ly: -ic takes -ally instead,yes,,todo,,,,
344,3,year3,autumn,10,10,dramatically,rule-example,,5,suffix -ly: -ic takes -ally instead,yes,,todo,,,,
345,3,year3,autumn,10,10,duly,rule-example,,5,suffix -ly exception words,yes,,todo,,,,
346,3,year3,autumn,10,10,frantically,rule-example,,5,suffix -ly: -ic takes -ally instead,yes,,todo,,,,
347,3,year3,autumn,10,10,gently,rule-example,,5,suffix -ly: -le changes to -ly,yes,,todo,,,,
348,3,year3,autumn,10,10,humbly,rule-example,,5,suffix -ly: -le changes to -ly,yes,,todo,,,,
349,3,year3,autumn,10,10,nobly,rule-example,,5,suffix -ly: -le changes to -ly,yes,,todo,,,,
350,3,year3,autumn,10,10,simply,rule-example,,5,suffix -ly: -le changes to -ly,yes,,todo,,,,
351,3,year3,autumn,10,10,truly,rule-example,,5,suffix -ly exception words,yes,,todo,,,,
352,3,year3,autumn,10,10,wholly,rule-example,,5,suffix -ly exception words,yes,,todo,,,,
353,4,year4,autumn,2,2,important,statutory-word-list,yes,1,NC Appendix 1 statutory word list (Years 3/4),yes,,todo,,,,
354,4,year4,autumn,2,2,increase,statutory-word-list,yes,1,NC Appendix 1 statutory word list (Years 3/4),yes,,todo,,,,
355,4,year4,autumn,2,2,interest,statutory-word-list,yes,1,NC Appendix 1 statutory word list (Years 3/4),yes,,todo,,,,
356,4,year4,autumn,2,2,island,statutory-word-list,yes,1,NC Appendix 1 statutory word list (Years 3/4),yes,,todo,,,,
357,4,year4,autumn,2,2,knowledge,statutory-word-list,yes,1,NC Appendix 1 statutory word list (Years 3/4),yes,,todo,,,,
358,4,year4,autumn,2,2,learn,statutory-word-list,yes,1,NC Appendix 1 statutory word list (Years 3/4),yes,,todo,,,,
359,4,year4,autumn,2,2,length,statutory-word-list,yes,1,NC Appendix 1 statutory word list (Years 3/4),yes,,todo,,,,
360,4,year4,autumn,2,2,library,statutory-word-list,yes,1,NC Appendix 1 statutory word list (Years 3/4),yes,,todo,,,,
361,4,year4,autumn,2,2,material,statutory-word-list,yes,1,NC Appendix 1 statutory word list (Years 3/4),yes,,todo,,,,
362,4,year4,autumn,2,2,medicine,statutory-word-list,yes,1,NC Appendix 1 statutory word list (Years 3/4),yes,,todo,,,,
363,4,year4,autumn,2,2,mention,statutory-word-list,yes,1,NC Appendix 1 statutory word list (Years 3/4),yes,,todo,,,,
364,4,year4,autumn,2,2,minute,statutory-word-list,yes,1,NC Appendix 1 statutory word list (Years 3/4),yes,,todo,,,,
365,4,year4,autumn,2,2,natural,statutory-word-list,yes,1,NC Appendix 1 statutory word list (Years 3/4),yes,,todo,,,,
366,4,year4,autumn,2,2,naughty,statutory-word-list,yes,1,NC Appendix 1 statutory word list (Years 3/4),yes,,todo,,,,
367,4,year4,autumn,2,2,notice,statutory-word-list,yes,1,NC Appendix 1 statutory word list (Years 3/4),yes,,todo,,,,
368,4,year4,autumn,3,3,occasionally,statutory-word-list,yes,1,NC Appendix 1 statutory word list (Years 3/4),yes,,todo,,,,
369,4,year4,autumn,3,3,often,statutory-word-list,yes,1,NC Appendix 1 statutory word list (Years 3/4),yes,,todo,,,,
370,4,year4,autumn,3,3,opposite,statutory-word-list,yes,1,NC Appendix 1 statutory word list (Years 3/4),yes,,todo,,,,
371,4,year4,autumn,3,3,ordinary,statutory-word-list,yes,1,NC Appendix 1 statutory word list (Years 3/4),yes,,todo,,,,
372,4,year4,autumn,3,3,particular,statutory-word-list,yes,1,NC Appendix 1 statutory word list (Years 3/4),yes,,todo,,,,
373,4,year4,autumn,3,3,peculiar,statutory-word-list,yes,1,NC Appendix 1 statutory word list (Years 3/4),yes,,todo,,,,
374,4,year4,autumn,3,3,perhaps,statutory-word-list,yes,1,NC Appendix 1 statutory word list (Years 3/4),yes,,todo,,,,
375,4,year4,autumn,3,3,popular,statutory-word-list,yes,1,NC Appendix 1 statutory word list (Years 3/4),yes,,todo,,,,
376,4,year4,autumn,3,3,position,statutory-word-list,yes,1,NC Appendix 1 statutory word list (Years 3/4),yes,,todo,,,,
377,4,year4,autumn,3,3,possession,statutory-word-list,yes,1,NC Appendix 1 statutory word list (Years 3/4),yes,,todo,,,,
378,4,year4,autumn,3,3,possible,statutory-word-list,yes,1,NC Appendix 1 statutory word list (Years 3/4),yes,,todo,,,,
379,4,year4,autumn,3,3,potatoes,statutory-word-list,yes,1,NC Appendix 1 statutory word list (Years 3/4),yes,,todo,,,,
380,4,year4,autumn,3,3,pressure,statutory-word-list,yes,1,NC Appendix 1 statutory word list (Years 3/4),yes,,todo,,,,
381,4,year4,autumn,3,3,probably,statutory-word-list,yes,1,NC Appendix 1 statutory word list (Years 3/4),yes,,todo,,,,
382,4,year4,autumn,3,3,promise,statutory-word-list,yes,1,NC Appendix 1 statutory word list (Years 3/4),yes,,todo,,,,
383,4,year4,autumn,4,4,purpose,statutory-word-list,yes,1,NC Appendix 1 statutory word list (Years 3/4),yes,,todo,,,,
384,4,year4,autumn,4,4,quarter,statutory-word-list,yes,1,NC Appendix 1 statutory word list (Years 3/4),yes,,todo,,,,
385,4,year4,autumn,4,4,question,statutory-word-list,yes,2,NC Appendix 1 statutory word list (Years 3/4),yes,,todo,,,,
386,4,year4,autumn,4,4,recent,statutory-word-list,yes,2,NC Appendix 1 statutory word list (Years 3/4),yes,,todo,,,,
387,4,year4,autumn,4,4,regular,statutory-word-list,yes,2,NC Appendix 1 statutory word list (Years 3/4),yes,,todo,,,,
388,4,year4,autumn,4,4,reign,statutory-word-list,yes,2,NC Appendix 1 statutory word list (Years 3/4),yes,,todo,,,,
389,4,year4,autumn,4,4,remember,statutory-word-list,yes,2,NC Appendix 1 statutory word list (Years 3/4),yes,,todo,,,,
390,4,year4,autumn,4,4,sentence,statutory-word-list,yes,2,NC Appendix 1 statutory word list (Years 3/4),yes,,todo,,,,
391,4,year4,autumn,4,4,separate,statutory-word-list,yes,2,NC Appendix 1 statutory word list (Years 3/4),yes,,todo,,,,
392,4,year4,autumn,4,4,special,statutory-word-list,yes,2,NC Appendix 1 statutory word list (Years 3/4),yes,,todo,,,,
393,4,year4,autumn,4,4,straight,statutory-word-list,yes,2,NC Appendix 1 statutory word list (Years 3/4),yes,,todo,,,,
394,4,year4,autumn,4,4,strange,statutory-word-list,yes,2,NC Appendix 1 statutory word list (Years 3/4),yes,,todo,,,,
395,4,year4,autumn,4,4,strength,statutory-word-list,yes,2,NC Appendix 1 statutory word list (Years 3/4),yes,,todo,,,,
396,4,year4,autumn,4,4,suppose,statutory-word-list,yes,2,NC Appendix 1 statutory word list (Years 3/4),yes,,todo,,,,
397,4,year4,autumn,4,4,surprise,statutory-word-list,yes,2,NC Appendix 1 statutory word list (Years 3/4),yes,,todo,,,,
398,4,year4,autumn,5,5,although,statutory-word-list,yes,2,NC Appendix 1 statutory word list (Years 3/4),yes,,todo,,,,
399,4,year4,autumn,5,5,creature,rule-example,,2,-ture ending for /tʃə/,yes,,todo,,,,
400,4,year4,autumn,5,5,enclosure,rule-example,,2,-sure ending for /ʒə/,yes,,todo,,,,
401,4,year4,autumn,5,5,furniture,rule-example,,2,-ture ending for /tʃə/,yes,,todo,,,,
402,4,year4,autumn,5,5,picture,rule-example,,2,-ture ending for /tʃə/,yes,,todo,,,,
403,4,year4,autumn,5,5,pleasure,rule-example,,2,-sure ending for /ʒə/,yes,,todo,,,,
404,4,year4,autumn,5,5,therefore,statutory-word-list,yes,2,NC Appendix 1 statutory word list (Years 3/4),yes,,todo,,,,
405,4,year4,autumn,5,5,thought,statutory-word-list,yes,2,NC Appendix 1 statutory word list (Years 3/4),yes,,todo,,,,
406,4,year4,autumn,5,5,through,statutory-word-list,yes,2,NC Appendix 1 statutory word list (Years 3/4),yes,,todo,,,,
407,4,year4,autumn,5,5,various,statutory-word-list,yes,2,NC Appendix 1 statutory word list (Years 3/4),yes,,todo,,,,
408,4,year4,autumn,5,5,woman,statutory-word-list,yes,2,NC Appendix 1 statutory word list (Years 3/4),yes,,todo,,,,
409,4,year4,autumn,5,5,women,statutory-word-list,yes,2,NC Appendix 1 statutory word list (Years 3/4),yes,,todo,,,,
410,4,year4,autumn,6,6,adventure,rule-example,,2,-ture ending for /tʃə/,yes,,todo,,,,
411,4,year4,autumn,6,6,collision,rule-example,,3,-sion ending for /ʒən/,yes,,todo,,,,
412,4,year4,autumn,6,6,confusion,rule-example,,3,-sion ending for /ʒən/,yes,,todo,,,,
413,4,year4,autumn,6,6,dangerous,rule-example,,3,suffix -ous,yes,,todo,,,,
414,4,year4,autumn,6,6,decision,rule-example,,3,-sion ending for /ʒən/,yes,,todo,,,,
415,4,year4,autumn,6,6,division,rule-example,,2,-sion ending for /ʒən/,yes,,todo,,,,
416,4,year4,autumn,6,6,enormous,rule-example,,3,suffix -ous (no obvious root word),yes,,todo,,,,
417,4,year4,autumn,6,6,invasion,rule-example,,3,-sion ending for /ʒən/,yes,,todo,,,,
418,4,year4,autumn,6,6,jealous,rule-example,,3,suffix -ous (no obvious root word),yes,,todo,,,,
419,4,year4,autumn,6,6,mountainous,rule-example,,3,suffix -ous,yes,,todo,,,,
420,4,year4,autumn,6,6,nature,rule-example,,2,-ture ending for /tʃə/,yes,,todo,,,,
421,4,year4,autumn,6,6,poisonous,rule-example,,3,suffix -ous,yes,,todo,,,,
422,4,year4,autumn,6,6,television,rule-example,,3,-sion ending for /ʒən/,yes,,todo,,,,
423,4,year4,autumn,6,6,tremendous,rule-example,,3,suffix -ous (no obvious root word),yes,,todo,,,,
424,4,year4,autumn,7,7,action,rule-example,,3,-tion ending after t/te,yes,,todo,,,,
425,4,year4,autumn,7,7,courageous,rule-example,,3,suffix -ous (keeping the soft g),yes,,todo,,,,
426,4,year4,autumn,7,7,courteous,rule-example,,3,suffix -ous spelt e for /iː/,yes,,todo,,,,
427,4,year4,autumn,7,7,curious,rule-example,,3,suffix -ous spelt i for /iː/,yes,,todo,,,,
428,4,year4,autumn,7,7,glamorous,rule-example,,3,suffix -ous (-our changes to -or),yes,,todo,,,,
429,4,year4,autumn,7,7,hesitation,rule-example,,3,-tion ending after t/te,yes,,todo,,,,
430,4,year4,autumn,7,7,hideous,rule-example,,3,suffix -ous spelt e for /iː/,yes,,todo,,,,
431,4,year4,autumn,7,7,humorous,rule-example,,3,suffix -ous (-our changes to -or),yes,,todo,,,,
432,4,year4,autumn,7,7,injection,rule-example,,3,-tion ending after t/te,yes,,todo,,,,
433,4,year4,autumn,7,7,invention,rule-example,,3,-tion ending after t/te,yes,,todo,,,,
434,4,year4,autumn,7,7,obvious,rule-example,,3,suffix -ous spelt i for /iː/,yes,,todo,,,,
435,4,year4,autumn,7,7,outrageous,rule-example,,3,suffix -ous (keeping the soft g),yes,,todo,,,,
436,4,year4,autumn,7,7,serious,rule-example,,3,suffix -ous spelt i for /iː/,yes,,todo,,,,
437,4,year4,autumn,7,7,spontaneous,rule-example,,3,suffix -ous spelt e for /iː/,yes,,todo,,,,
438,4,year4,autumn,7,7,vigorous,rule-example,,3,suffix -ous (-our changes to -or),yes,,todo,,,,
439,4,year4,autumn,8,8,admission,rule-example,,4,-ssion ending after ss/mit,yes,,todo,,,,
440,4,year4,autumn,8,8,completion,rule-example,,3,-tion ending after t/te,yes,,todo,,,,
441,4,year4,autumn,8,8,comprehension,rule-example,,4,-sion ending after d/se,yes,,todo,,,,
442,4,year4,autumn,8,8,confession,rule-example,,3,-ssion ending after ss/mit,yes,,todo,,,,
443,4,year4,autumn,8,8,discussion,rule-example,,3,-ssion ending after ss/mit,yes,,todo,,,,
444,4,year4,autumn,8,8,electrician,rule-example,,4,-cian ending after c/cs,yes,,todo,,,,
445,4,year4,autumn,8,8,expansion,rule-example,,4,-sion ending after d/se,yes,,todo,,,,
446,4,year4,autumn,8,8,expression,rule-example,,3,-ssion ending after ss/mit,yes,,todo,,,,
447,4,year4,autumn,8,8,extension,rule-example,,4,-sion ending after d/se,yes,,todo,,,,
448,4,year4,autumn,8,8,magician,rule-example,,4,-cian ending after c/cs,yes,,todo,,,,
449,4,year4,autumn,8,8,mathematician,rule-example,,4,-cian ending after c/cs,yes,,todo,,,,
450,4,year4,autumn,8,8,musician,rule-example,,4,-cian ending after c/cs,yes,,todo,,,,
451,4,year4,autumn,8,8,permission,rule-example,,4,-ssion ending after ss/mit,yes,,todo,,,,
452,4,year4,autumn,8,8,politician,rule-example,,4,-cian ending after c/cs,yes,,todo,,,,
453,4,year4,autumn,8,8,tension,rule-example,,4,-sion ending after d/se,yes,,todo,,,,
454,4,year4,autumn,9,9,antique,rule-example,,4,the /k/ sound spelt -que (French origin),yes,French origin,todo,,,,
455,4,year4,autumn,9,9,brochure,rule-example,,4,the /ʃ/ sound spelt ch (French origin),yes,French origin,todo,,,,
456,4,year4,autumn,9,9,chalet,rule-example,,4,the /ʃ/ sound spelt ch (French origin),yes,French origin,todo,,,,
457,4,year4,autumn,9,9,character,rule-example,,4,the /k/ sound spelt ch (Greek origin),yes,Greek origin,todo,,,,
458,4,year4,autumn,9,9,chef,rule-example,,4,the /ʃ/ sound spelt ch (French origin),yes,French origin,todo,,,,
459,4,year4,autumn,9,9,chemist,rule-example,,4,the /k/ sound spelt ch (Greek origin),yes,Greek origin,todo,,,,
460,4,year4,autumn,9,9,chorus,rule-example,,4,the /k/ sound spelt ch (Greek origin),yes,Greek origin,todo,,,,
461,4,year4,autumn,9,9,echo,rule-example,,4,the /k/ sound spelt ch (Greek origin),yes,Greek origin,todo,,,,
462,4,year4,autumn,9,9,league,rule-example,,4,the /g/ sound spelt -gue (French origin),yes,French origin,todo,,,,
463,4,year4,autumn,9,9,machine,rule-example,,4,the /ʃ/ sound spelt ch (French origin),yes,French origin,todo,,,,
464,4,year4,autumn,9,9,scene,rule-example,,4,the /s/ sound spelt sc (Latin origin),yes,Latin origin,todo,,,,
465,4,year4,autumn,9,9,scheme,rule-example,,4,the /k/ sound spelt ch (Greek origin),yes,Greek origin,todo,,,,
466,4,year4,autumn,9,9,science,rule-example,,4,the /s/ sound spelt sc (Latin origin),yes,Latin origin,todo,,,,
467,4,year4,autumn,9,9,tongue,rule-example,,4,the /g/ sound spelt -gue (French origin),yes,French origin,todo,,,,
468,4,year4,autumn,9,9,unique,rule-example,,4,the /k/ sound spelt -que (French origin),yes,French origin,todo,,,,
469,4,year4,autumn,10,10,accept,rule-example,,5,homophones and near-homophones,yes,,todo,,,,
470,4,year4,autumn,10,10,babies',rule-example,,5,possessive apostrophe with plural words,yes,,todo,,,,
471,4,year4,autumn,10,10,boys',rule-example,,5,possessive apostrophe with plural words,yes,,todo,,,,
472,4,year4,autumn,10,10,children's,rule-example,,5,possessive apostrophe with an irregular plural,yes,,todo,,,,
473,4,year4,autumn,10,10,crescent,rule-example,,4,the /s/ sound spelt sc (Latin origin),yes,Latin origin,todo,,,,
474,4,year4,autumn,10,10,discipline,rule-example,,4,the /s/ sound spelt sc (Latin origin),yes,Latin origin,todo,,,,
475,4,year4,autumn,10,10,except,rule-example,,5,homophones and near-homophones,yes,,todo,,,,
476,4,year4,autumn,10,10,fascinate,rule-example,,4,the /s/ sound spelt sc (Latin origin),yes,Latin origin,todo,,,,
477,4,year4,autumn,10,10,girls',rule-example,,5,possessive apostrophe with plural words,yes,,todo,,,,
478,4,year4,autumn,10,10,men's,rule-example,,5,possessive apostrophe with an irregular plural,yes,,todo,,,,
479,4,year4,autumn,10,10,neighbour,rule-example,,5,"the /eɪ/ sound spelt ei, eigh, ey",yes,,todo,,,,
480,4,year4,autumn,10,10,obey,rule-example,,5,"the /eɪ/ sound spelt ei, eigh, ey",yes,,todo,,,,
481,4,year4,autumn,10,10,vein,rule-example,,4,"the /eɪ/ sound spelt ei, eigh, ey",yes,,todo,,,,
482,4,year4,autumn,10,10,weigh,rule-example,,4,"the /eɪ/ sound spelt ei, eigh, ey",yes,,todo,,,,
483,4,year4,autumn,11,11,affect,rule-example,,5,homophones and near-homophones,yes,,todo,,,,
484,4,year4,autumn,11,11,brake,rule-example,,5,homophones and near-homophones,yes,,todo,,,,
485,4,year4,autumn,11,11,break,rule-example,,5,homophones and near-homophones,yes,,todo,,,,
486,4,year4,autumn,11,11,effect,rule-example,,5,homophones and near-homophones,yes,,todo,,,,
487,4,year4,autumn,11,11,fair,rule-example,,5,homophones and near-homophones,yes,,todo,,,,
488,4,year4,autumn,11,11,fare,rule-example,,5,homophones and near-homophones,yes,,todo,,,,
489,4,year4,autumn,11,11,grate,rule-example,,5,homophones and near-homophones,yes,,todo,,,,
490,4,year4,autumn,11,11,great,rule-example,,5,homophones and near-homophones,yes,,todo,,,,
491,4,year4,autumn,11,11,groan,rule-example,,5,homophones and near-homophones,yes,,todo,,,,
492,4,year4,autumn,11,11,grown,rule-example,,5,homophones and near-homophones,yes,,todo,,,,
493,4,year4,autumn,11,11,knot,rule-example,,5,homophones and near-homophones,yes,,todo,,,,
494,4,year4,autumn,11,11,main,rule-example,,5,homophones and near-homophones,yes,,todo,,,,
495,4,year4,autumn,11,11,mane,rule-example,,5,homophones and near-homophones,yes,,todo,,,,
496,4,year4,autumn,11,11,not,rule-example,,5,homophones and near-homophones,yes,,todo,,,,
497,4,year4,autumn,11,11,peace,rule-example,,5,homophones and near-homophones,yes,,todo,,,,
498,4,year4,autumn,12,12,piece,rule-example,,5,homophones and near-homophones,yes,,todo,,,,
499,4,year4,autumn,12,12,plain,rule-example,,5,homophones and near-homophones,yes,,todo,,,,
500,4,year4,autumn,12,12,plane,rule-example,,5,homophones and near-homophones,yes,,todo,,,,
501,4,year4,autumn,12,12,seen,rule-example,,5,homophones and near-homophones,yes,,todo,,,,
502,4,year4,autumn,12,12,who's,rule-example,,5,homophones and near-homophones,yes,,todo,,,,
503,4,year4,autumn,12,12,whose,rule-example,,5,homophones and near-homophones,yes,,todo,,,,
504,5,year5,autumn,2,2,accommodate,statutory-word-list,yes,1,NC Appendix 1 statutory word list (Years 5/6),yes,,todo,,,,
505,5,year5,autumn,2,2,accompany,statutory-word-list,yes,1,NC Appendix 1 statutory word list (Years 5/6),yes,,todo,,,,
506,5,year5,autumn,2,2,according,statutory-word-list,yes,1,NC Appendix 1 statutory word list (Years 5/6),yes,,todo,,,,
507,5,year5,autumn,2,2,achieve,statutory-word-list,yes,1,NC Appendix 1 statutory word list (Years 5/6),yes,,todo,,,,
508,5,year5,autumn,2,2,aggressive,statutory-word-list,yes,1,NC Appendix 1 statutory word list (Years 5/6),yes,,todo,,,,
509,5,year5,autumn,2,2,amateur,statutory-word-list,yes,1,NC Appendix 1 statutory word list (Years 5/6),yes,,todo,,,,
510,5,year5,autumn,2,2,ancient,statutory-word-list,yes,1,NC Appendix 1 statutory word list (Years 5/6),yes,,todo,,,,
511,5,year5,autumn,2,2,apparent,statutory-word-list,yes,1,NC Appendix 1 statutory word list (Years 5/6),yes,,todo,,,,
512,5,year5,autumn,2,2,appreciate,statutory-word-list,yes,1,NC Appendix 1 statutory word list (Years 5/6),yes,,todo,,,,
513,5,year5,autumn,2,2,attached,statutory-word-list,yes,1,NC Appendix 1 statutory word list (Years 5/6),yes,,todo,,,,
514,5,year5,autumn,2,2,available,statutory-word-list,yes,1,NC Appendix 1 statutory word list (Years 5/6),yes,,todo,,,,
515,5,year5,autumn,2,2,average,statutory-word-list,yes,1,NC Appendix 1 statutory word list (Years 5/6),yes,,todo,,,,
516,5,year5,autumn,2,2,awkward,statutory-word-list,yes,1,NC Appendix 1 statutory word list (Years 5/6),yes,,todo,,,,
517,5,year5,autumn,2,2,bargain,statutory-word-list,yes,1,NC Appendix 1 statutory word list (Years 5/6),yes,,todo,,,,
518,5,year5,autumn,2,2,bruise,statutory-word-list,yes,1,NC Appendix 1 statutory word list (Years 5/6),yes,,todo,,,,
519,5,year5,autumn,3,3,category,statutory-word-list,yes,1,NC Appendix 1 statutory word list (Years 5/6),yes,,todo,,,,
520,5,year5,autumn,3,3,cemetery,statutory-word-list,yes,1,NC Appendix 1 statutory word list (Years 5/6),yes,,todo,,,,
521,5,year5,autumn,3,3,committee,statutory-word-list,yes,1,NC Appendix 1 statutory word list (Years 5/6),yes,,todo,,,,
522,5,year5,autumn,3,3,communicate,statutory-word-list,yes,1,NC Appendix 1 statutory word list (Years 5/6),yes,,todo,,,,
523,5,year5,autumn,3,3,community,statutory-word-list,yes,1,NC Appendix 1 statutory word list (Years 5/6),yes,,todo,,,,
524,5,year5,autumn,3,3,competition,statutory-word-list,yes,1,NC Appendix 1 statutory word list (Years 5/6),yes,,todo,,,,
525,5,year5,autumn,3,3,conscience,statutory-word-list,yes,2,NC Appendix 1 statutory word list (Years 5/6),yes,,todo,,,,
526,5,year5,autumn,3,3,conscious,statutory-word-list,yes,2,NC Appendix 1 statutory word list (Years 5/6),yes,,todo,,,,
527,5,year5,autumn,3,3,controversy,statutory-word-list,yes,2,NC Appendix 1 statutory word list (Years 5/6),yes,,todo,,,,
528,5,year5,autumn,3,3,convenience,statutory-word-list,yes,2,NC Appendix 1 statutory word list (Years 5/6),yes,,todo,,,,
529,5,year5,autumn,3,3,correspond,statutory-word-list,yes,2,NC Appendix 1 statutory word list (Years 5/6),yes,,todo,,,,
530,5,year5,autumn,3,3,criticise,statutory-word-list,yes,2,NC Appendix 1 statutory word list (Years 5/6),yes,,todo,,,,
531,5,year5,autumn,3,3,curiosity,statutory-word-list,yes,2,NC Appendix 1 statutory word list (Years 5/6),yes,,todo,,,,
532,5,year5,autumn,3,3,definite,statutory-word-list,yes,2,NC Appendix 1 statutory word list (Years 5/6),yes,,todo,,,,
533,5,year5,autumn,3,3,desperate,statutory-word-list,yes,2,NC Appendix 1 statutory word list (Years 5/6),yes,,todo,,,,
534,5,year5,autumn,4,4,determined,statutory-word-list,yes,2,NC Appendix 1 statutory word list (Years 5/6),yes,,todo,,,,
535,5,year5,autumn,4,4,develop,statutory-word-list,yes,2,NC Appendix 1 statutory word list (Years 5/6),yes,,todo,,,,
536,5,year5,autumn,4,4,dictionary,statutory-word-list,yes,2,NC Appendix 1 statutory word list (Years 5/6),yes,,todo,,,,
537,5,year5,autumn,4,4,disastrous,statutory-word-list,yes,2,NC Appendix 1 statutory word list (Years 5/6),yes,,todo,,,,
538,5,year5,autumn,4,4,embarrass,statutory-word-list,yes,2,NC Appendix 1 statutory word list (Years 5/6),yes,,todo,,,,
539,5,year5,autumn,4,4,environment,statutory-word-list,yes,2,NC Appendix 1 statutory word list (Years 5/6),yes,,todo,,,,
540,5,year5,autumn,4,4,equip,statutory-word-list,yes,2,NC Appendix 1 statutory word list (Years 5/6),yes,,todo,,,,
541,5,year5,autumn,4,4,especially,statutory-word-list,yes,2,NC Appendix 1 statutory word list (Years 5/6),yes,,todo,,,,
542,5,year5,autumn,4,4,exaggerate,statutory-word-list,yes,2,NC Appendix 1 statutory word list (Years 5/6),yes,,todo,,,,
543,5,year5,autumn,4,4,excellent,statutory-word-list,yes,2,NC Appendix 1 statutory word list (Years 5/6),yes,,todo,,,,
544,5,year5,autumn,4,4,existence,statutory-word-list,yes,2,NC Appendix 1 statutory word list (Years 5/6),yes,,todo,,,,
545,5,year5,autumn,4,4,explanation,statutory-word-list,yes,2,NC Appendix 1 statutory word list (Years 5/6),yes,,todo,,,,
546,5,year5,autumn,4,4,familiar,statutory-word-list,yes,3,NC Appendix 1 statutory word list (Years 5/6),yes,,todo,,,,
547,5,year5,autumn,4,4,foreign,statutory-word-list,yes,3,NC Appendix 1 statutory word list (Years 5/6),yes,,todo,,,,
548,5,year5,autumn,4,4,forty,statutory-word-list,yes,3,NC Appendix 1 statutory word list (Years 5/6),yes,,todo,,,,
549,5,year5,autumn,5,5,ambitious,rule-example,,3,endings that sound like /ʃəs/: -tious,yes,,todo,,,,
550,5,year5,autumn,5,5,cautious,rule-example,,3,endings that sound like /ʃəs/: -tious,yes,,todo,,,,
551,5,year5,autumn,5,5,delicious,rule-example,,3,endings that sound like /ʃəs/: -cious,yes,,todo,,,,
552,5,year5,autumn,5,5,frequently,statutory-word-list,yes,3,NC Appendix 1 statutory word list (Years 5/6),yes,,todo,,,,
553,5,year5,autumn,5,5,government,statutory-word-list,yes,3,NC Appendix 1 statutory word list (Years 5/6),yes,,todo,,,,
554,5,year5,autumn,5,5,guarantee,statutory-word-list,yes,3,NC Appendix 1 statutory word list (Years 5/6),yes,,todo,,,,
555,5,year5,autumn,5,5,harass,statutory-word-list,yes,3,NC Appendix 1 statutory word list (Years 5/6),yes,,todo,,,,
556,5,year5,autumn,5,5,infectious,rule-example,,3,endings that sound like /ʃəs/: -tious,yes,,todo,,,,
557,5,year5,autumn,5,5,malicious,rule-example,,3,endings that sound like /ʃəs/: -cious,yes,,todo,,,,
558,5,year5,autumn,5,5,nutritious,rule-example,,3,endings that sound like /ʃəs/: -tious,yes,,todo,,,,
559,5,year5,autumn,5,5,official,rule-example,,3,endings that sound like /ʃəl/: -cial after a vowel,yes,,todo,,,,
560,5,year5,autumn,5,5,precious,rule-example,,3,endings that sound like /ʃəs/: -cious,yes,,todo,,,,
561,5,year5,autumn,5,5,suspicious,rule-example,,3,endings that sound like /ʃəs/: -cious,yes,,todo,,,,
562,5,year5,autumn,6,6,artificial,rule-example,,3,endings that sound like /ʃəl/: -cial after a vowel,yes,,todo,,,,
563,5,year5,autumn,6,6,commercial,rule-example,,4,endings that sound like /ʃəl/: exceptions,yes,,todo,,,,
564,5,year5,autumn,6,6,confidential,rule-example,,3,endings that sound like /ʃəl/: -tial after a consonant,yes,,todo,,,,
565,5,year5,autumn,6,6,essential,rule-example,,4,endings that sound like /ʃəl/: -tial after a consonant,yes,,todo,,,,
566,5,year5,autumn,6,6,expectant,rule-example,,4,-ant/-ance words (related to /æ/ or /eɪ/ sound),yes,,todo,,,,
567,5,year5,autumn,6,6,financial,rule-example,,4,endings that sound like /ʃəl/: exceptions,yes,,todo,,,,
568,5,year5,autumn,6,6,hesitant,rule-example,,4,-ant/-ance words (related to /æ/ or /eɪ/ sound),yes,,todo,,,,
569,5,year5,autumn,6,6,initial,rule-example,,4,endings that sound like /ʃəl/: exceptions,yes,,todo,,,,
570,5,year5,autumn,6,6,innocent,rule-example,,4,"-ent/-ence words (after soft c, soft g, or qu)",yes,,todo,,,,
571,5,year5,autumn,6,6,observance,rule-example,,4,-ant/-ance words (related to /æ/ or /eɪ/ sound),yes,,todo,,,,
572,5,year5,autumn,6,6,observant,rule-example,,4,-ant/-ance words (related to /æ/ or /eɪ/ sound),yes,,todo,,,,
573,5,year5,autumn,6,6,partial,rule-example,,3,endings that sound like /ʃəl/: -tial after a consonant,yes,,todo,,,,
574,5,year5,autumn,6,6,provincial,rule-example,,4,endings that sound like /ʃəl/: exceptions,yes,,todo,,,,
575,5,year5,autumn,6,6,tolerance,rule-example,,4,-ant/-ance words (related to /æ/ or /eɪ/ sound),yes,,todo,,,,
576,5,year5,autumn,6,6,tolerant,rule-example,,4,-ant/-ance words (related to /æ/ or /eɪ/ sound),yes,,todo,,,,
577,5,year5,autumn,7,7,adorable,rule-example,,5,-able ending (related word ends in -ation),yes,,todo,,,,
578,5,year5,autumn,7,7,applicable,rule-example,,5,-able ending (related word ends in -ation),yes,,todo,,,,
579,5,year5,autumn,7,7,assistance,rule-example,,4,-ant/-ent words that must simply be learnt,yes,,todo,,,,
580,5,year5,autumn,7,7,assistant,rule-example,,4,-ant/-ent words that must simply be learnt,yes,,todo,,,,
581,5,year5,autumn,7,7,confidence,rule-example,,4,"-ent/-ence words (after soft c, soft g, or qu)",yes,,todo,,,,
582,5,year5,autumn,7,7,confident,rule-example,,4,"-ent/-ence words (after soft c, soft g, or qu)",yes,,todo,,,,
583,5,year5,autumn,7,7,considerable,rule-example,,5,-able ending (related word ends in -ation),yes,,todo,,,,
584,5,year5,autumn,7,7,decent,rule-example,,4,"-ent/-ence words (after soft c, soft g, or qu)",yes,,todo,,,,
585,5,year5,autumn,7,7,frequent,rule-example,,4,"-ent/-ence words (after soft c, soft g, or qu)",yes,,todo,,,,
586,5,year5,autumn,7,7,independence,rule-example,,5,-ant/-ent words that must simply be learnt,yes,,todo,,,,
587,5,year5,autumn,7,7,independent,rule-example,,5,-ant/-ent words that must simply be learnt,yes,,todo,,,,
588,5,year5,autumn,7,7,innocence,rule-example,,4,"-ent/-ence words (after soft c, soft g, or qu)",yes,,todo,,,,
589,5,year5,autumn,7,7,obedience,rule-example,,4,-ant/-ent words that must simply be learnt,yes,,todo,,,,
590,5,year5,autumn,7,7,obedient,rule-example,,4,-ant/-ent words that must simply be learnt,yes,,todo,,,,
591,5,year5,autumn,7,7,tolerable,rule-example,,5,-able ending (related word ends in -ation),yes,,todo,,,,
592,5,year5,autumn,8,8,changeable,rule-example,,5,"-able ending, keeping the soft c/g",yes,,todo,,,,
593,5,year5,autumn,8,8,comfortable,rule-example,,5,"-able ending, complete root word can be heard",yes,,todo,,,,
594,5,year5,autumn,8,8,dependable,rule-example,,5,"-able ending, complete root word can be heard",yes,,todo,,,,
595,5,year5,autumn,8,8,enjoyable,rule-example,,5,"-able ending, complete root word can be heard",yes,,todo,,,,
596,5,year5,autumn,8,8,forcible,rule-example,,5,"-ible ending, no complete root word heard",yes,,todo,,,,
597,5,year5,autumn,8,8,horrible,rule-example,,5,"-ible ending, sometimes a complete word is heard",yes,,todo,,,,
598,5,year5,autumn,8,8,incredible,rule-example,,5,"-ible ending, sometimes a complete word is heard",yes,,todo,,,,
599,5,year5,autumn,8,8,legible,rule-example,,5,"-ible ending, no complete root word heard",yes,,todo,,,,
600,5,year5,autumn,8,8,noticeable,rule-example,,5,"-able ending, keeping the soft c/g",yes,,todo,,,,
601,5,year5,autumn,8,8,reasonable,rule-example,,5,"-able ending, complete root word can be heard",yes,,todo,,,,
602,5,year5,autumn,8,8,reliable,rule-example,,5,"-able ending, complete root word can be heard",yes,,todo,,,,
603,5,year5,autumn,8,8,sensible,rule-example,,5,"-ible ending, sometimes a complete word is heard",yes,,todo,,,,
604,5,year5,autumn,8,8,terrible,rule-example,,5,"-ible ending, sometimes a complete word is heard",yes,,todo,,,,
605,5,year5,autumn,8,8,visible,rule-example,,5,"-ible ending, sometimes a complete word is heard",yes,,todo,,,,
606,6,year6,autumn,2,2,hindrance,statutory-word-list,yes,1,NC Appendix 1 statutory word list (Years 5/6),yes,,todo,,,,
607,6,year6,autumn,2,2,identity,statutory-word-list,yes,1,NC Appendix 1 statutory word list (Years 5/6),yes,,todo,,,,
608,6,year6,autumn,2,2,immediately,statutory-word-list,yes,1,NC Appendix 1 statutory word list (Years 5/6),yes,,todo,,,,
609,6,year6,autumn,2,2,individual,statutory-word-list,yes,1,NC Appendix 1 statutory word list (Years 5/6),yes,,todo,,,,
610,6,year6,autumn,2,2,interrupt,statutory-word-list,yes,1,NC Appendix 1 statutory word list (Years 5/6),yes,,todo,,,,
611,6,year6,autumn,2,2,language,statutory-word-list,yes,1,NC Appendix 1 statutory word list (Years 5/6),yes,,todo,,,,
612,6,year6,autumn,2,2,leisure,statutory-word-list,yes,1,NC Appendix 1 statutory word list (Years 5/6),yes,,todo,,,,
613,6,year6,autumn,2,2,lightning,statutory-word-list,yes,1,NC Appendix 1 statutory word list (Years 5/6),yes,,todo,,,,
614,6,year6,autumn,2,2,marvellous,statutory-word-list,yes,1,NC Appendix 1 statutory word list (Years 5/6),yes,,todo,,,,
615,6,year6,autumn,2,2,mischievous,statutory-word-list,yes,1,NC Appendix 1 statutory word list (Years 5/6),yes,,todo,,,,
616,6,year6,autumn,2,2,muscle,statutory-word-list,yes,1,NC Appendix 1 statutory word list (Years 5/6),yes,,todo,,,,
617,6,year6,autumn,2,2,necessary,statutory-word-list,yes,1,NC Appendix 1 statutory word list (Years 5/6),yes,,todo,,,,
618,6,year6,autumn,2,2,neighbour,statutory-word-list,yes,1,NC Appendix 1 statutory word list (Years 5/6),yes,,todo,,,,
619,6,year6,autumn,2,2,nuisance,statutory-word-list,yes,1,NC Appendix 1 statutory word list (Years 5/6),yes,,todo,,,,
620,6,year6,autumn,3,3,occupy,statutory-word-list,yes,1,NC Appendix 1 statutory word list (Years 5/6),yes,,todo,,,,
621,6,year6,autumn,3,3,occur,statutory-word-list,yes,1,NC Appendix 1 statutory word list (Years 5/6),yes,,todo,,,,
622,6,year6,autumn,3,3,opportunity,statutory-word-list,yes,1,NC Appendix 1 statutory word list (Years 5/6),yes,,todo,,,,
623,6,year6,autumn,3,3,parliament,statutory-word-list,yes,1,NC Appendix 1 statutory word list (Years 5/6),yes,,todo,,,,
624,6,year6,autumn,3,3,persuade,statutory-word-list,yes,1,NC Appendix 1 statutory word list (Years 5/6),yes,,todo,,,,
625,6,year6,autumn,3,3,physical,statutory-word-list,yes,1,NC Appendix 1 statutory word list (Years 5/6),yes,,todo,,,,
626,6,year6,autumn,3,3,prejudice,statutory-word-list,yes,1,NC Appendix 1 statutory word list (Years 5/6),yes,,todo,,,,
627,6,year6,autumn,3,3,privilege,statutory-word-list,yes,1,NC Appendix 1 statutory word list (Years 5/6),yes,,todo,,,,
628,6,year6,autumn,3,3,profession,statutory-word-list,yes,1,NC Appendix 1 statutory word list (Years 5/6),yes,,todo,,,,
629,6,year6,autumn,3,3,programme,statutory-word-list,yes,1,NC Appendix 1 statutory word list (Years 5/6),yes,,todo,,,,
630,6,year6,autumn,3,3,pronunciation,statutory-word-list,yes,2,NC Appendix 1 statutory word list (Years 5/6),yes,,todo,,,,
631,6,year6,autumn,3,3,queue,statutory-word-list,yes,2,NC Appendix 1 statutory word list (Years 5/6),yes,,todo,,,,
632,6,year6,autumn,3,3,recognise,statutory-word-list,yes,2,NC Appendix 1 statutory word list (Years 5/6),yes,,todo,,,,
633,6,year6,autumn,3,3,recommend,statutory-word-list,yes,2,NC Appendix 1 statutory word list (Years 5/6),yes,,todo,,,,
634,6,year6,autumn,3,3,relevant,statutory-word-list,yes,2,NC Appendix 1 statutory word list (Years 5/6),yes,,todo,,,,
635,6,year6,autumn,4,4,restaurant,statutory-word-list,yes,2,NC Appendix 1 statutory word list (Years 5/6),yes,,todo,,,,
636,6,year6,autumn,4,4,rhyme,statutory-word-list,yes,2,NC Appendix 1 statutory word list (Years 5/6),yes,,todo,,,,
637,6,year6,autumn,4,4,rhythm,statutory-word-list,yes,2,NC Appendix 1 statutory word list (Years 5/6),yes,,todo,,,,
638,6,year6,autumn,4,4,sacrifice,statutory-word-list,yes,2,NC Appendix 1 statutory word list (Years 5/6),yes,,todo,,,,
639,6,year6,autumn,4,4,secretary,statutory-word-list,yes,2,NC Appendix 1 statutory word list (Years 5/6),yes,,todo,,,,
640,6,year6,autumn,4,4,shoulder,statutory-word-list,yes,2,NC Appendix 1 statutory word list (Years 5/6),yes,,todo,,,,
641,6,year6,autumn,4,4,signature,statutory-word-list,yes,2,NC Appendix 1 statutory word list (Years 5/6),yes,,todo,,,,
642,6,year6,autumn,4,4,sincerely,statutory-word-list,yes,2,NC Appendix 1 statutory word list (Years 5/6),yes,,todo,,,,
643,6,year6,autumn,4,4,soldier,statutory-word-list,yes,2,NC Appendix 1 statutory word list (Years 5/6),yes,,todo,,,,
644,6,year6,autumn,4,4,stomach,statutory-word-list,yes,2,NC Appendix 1 statutory word list (Years 5/6),yes,,todo,,,,
645,6,year6,autumn,4,4,sufficient,statutory-word-list,yes,2,NC Appendix 1 statutory word list (Years 5/6),yes,,todo,,,,
646,6,year6,autumn,4,4,suggest,statutory-word-list,yes,2,NC Appendix 1 statutory word list (Years 5/6),yes,,todo,,,,
647,6,year6,autumn,4,4,symbol,statutory-word-list,yes,2,NC Appendix 1 statutory word list (Years 5/6),yes,,todo,,,,
648,6,year6,autumn,4,4,system,statutory-word-list,yes,2,NC Appendix 1 statutory word list (Years 5/6),yes,,todo,,,,
649,6,year6,autumn,4,4,temperature,statutory-word-list,yes,2,NC Appendix 1 statutory word list (Years 5/6),yes,,todo,,,,
650,6,year6,autumn,5,5,preferred,rule-example,,3,doubling r before a vowel suffix on -fer words (still stressed),yes,,todo,,,,
651,6,year6,autumn,5,5,preferring,rule-example,,3,doubling r before a vowel suffix on -fer words (still stressed),yes,,todo,,,,
652,6,year6,autumn,5,5,referee,rule-example,,3,no doubling on -fer words when the -fer is no longer stressed,yes,,todo,,,,
653,6,year6,autumn,5,5,reference,rule-example,,3,no doubling on -fer words when the -fer is no longer stressed,yes,,todo,,,,
654,6,year6,autumn,5,5,referral,rule-example,,3,doubling r before a vowel suffix on -fer words (still stressed),yes,,todo,,,,
655,6,year6,autumn,5,5,referred,rule-example,,3,doubling r before a vowel suffix on -fer words (still stressed),yes,,todo,,,,
656,6,year6,autumn,5,5,referring,rule-example,,3,doubling r before a vowel suffix on -fer words (still stressed),yes,,todo,,,,
657,6,year6,autumn,5,5,thorough,statutory-word-list,yes,2,NC Appendix 1 statutory word list (Years 5/6),yes,,todo,,,,
658,6,year6,autumn,5,5,transferred,rule-example,,3,doubling r before a vowel suffix on -fer words (still stressed),yes,,todo,,,,
659,6,year6,autumn,5,5,transferring,rule-example,,3,doubling r before a vowel suffix on -fer words (still stressed),yes,,todo,,,,
660,6,year6,autumn,5,5,twelfth,statutory-word-list,yes,2,NC Appendix 1 statutory word list (Years 5/6),yes,,todo,,,,
661,6,year6,autumn,5,5,variety,statutory-word-list,yes,2,NC Appendix 1 statutory word list (Years 5/6),yes,,todo,,,,
662,6,year6,autumn,5,5,vegetable,statutory-word-list,yes,2,NC Appendix 1 statutory word list (Years 5/6),yes,,todo,,,,
663,6,year6,autumn,5,5,vehicle,statutory-word-list,yes,2,NC Appendix 1 statutory word list (Years 5/6),yes,,todo,,,,
664,6,year6,autumn,5,5,yacht,statutory-word-list,yes,3,NC Appendix 1 statutory word list (Years 5/6),yes,,todo,,,,
665,6,year6,autumn,6,6,bought,rule-example,,3,the letter-string ough,yes,,todo,,,,
666,6,year6,autumn,6,6,brought,rule-example,,3,the letter-string ough,yes,,todo,,,,
667,6,year6,autumn,6,6,ceiling,rule-example,,3,'i before e except after c' for the /iː/ sound,yes,,todo,,,,
668,6,year6,autumn,6,6,co-operate,rule-example,,3,hyphens joining a prefix to a root word,yes,,todo,,,,
669,6,year6,autumn,6,6,co-ordinate,rule-example,,3,hyphens joining a prefix to a root word,yes,,todo,,,,
670,6,year6,autumn,6,6,co-own,rule-example,,3,hyphens joining a prefix to a root word,yes,,todo,,,,
671,6,year6,autumn,6,6,conceive,rule-example,,3,'i before e except after c' for the /iː/ sound,yes,,todo,,,,
672,6,year6,autumn,6,6,deceive,rule-example,,3,'i before e except after c' for the /iː/ sound,yes,,todo,,,,
673,6,year6,autumn,6,6,ought,rule-example,,3,the letter-string ough,yes,,todo,,,,
674,6,year6,autumn,6,6,perceive,rule-example,,3,'i before e except after c' for the /iː/ sound,yes,,todo,,,,
675,6,year6,autumn,6,6,preference,rule-example,,3,no doubling on -fer words when the -fer is no longer stressed,yes,,todo,,,,
676,6,year6,autumn,6,6,re-enter,rule-example,,3,hyphens joining a prefix to a root word,yes,,todo,,,,
677,6,year6,autumn,6,6,receive,rule-example,,3,'i before e except after c' for the /iː/ sound,yes,,todo,,,,
678,6,year6,autumn,6,6,thought,rule-example,,3,the letter-string ough,yes,,todo,,,,
679,6,year6,autumn,6,6,transference,rule-example,,3,no doubling on -fer words when the -fer is no longer stressed,yes,,todo,,,,
680,6,year6,autumn,7,7,although,rule-example,,4,the letter-string ough,yes,,todo,,,,
681,6,year6,autumn,7,7,borough,rule-example,,4,the letter-string ough,yes,,todo,,,,
682,6,year6,autumn,7,7,cough,rule-example,,4,the letter-string ough,yes,,todo,,,,
683,6,year6,autumn,7,7,doubt,rule-example,,4,silent letters,yes,,todo,,,,
684,6,year6,autumn,7,7,dough,rule-example,,4,the letter-string ough,yes,,todo,,,,
685,6,year6,autumn,7,7,enough,rule-example,,4,the letter-string ough,yes,,todo,,,,
686,6,year6,autumn,7,7,fought,rule-example,,4,the letter-string ough,yes,,todo,,,,
687,6,year6,autumn,7,7,island,rule-example,,4,silent letters,yes,,todo,,,,
688,6,year6,autumn,7,7,lamb,rule-example,,4,silent letters,yes,,todo,,,,
689,6,year6,autumn,7,7,plough,rule-example,,4,the letter-string ough,yes,,todo,,,,
690,6,year6,autumn,7,7,rough,rule-example,,4,the letter-string ough,yes,,todo,,,,
691,6,year6,autumn,7,7,though,rule-example,,4,the letter-string ough,yes,,todo,,,,
692,6,year6,autumn,7,7,through,rule-example,,4,the letter-string ough,yes,,todo,,,,
693,6,year6,autumn,7,7,tough,rule-example,,4,the letter-string ough,yes,,todo,,,,
694,6,year6,autumn,8,8,advice,rule-example,,4,"homophones/confusables: noun -ce, verb -se",yes,,todo,,,,
695,6,year6,autumn,8,8,advise,rule-example,,4,"homophones/confusables: noun -ce, verb -se",yes,,todo,,,,
696,6,year6,autumn,8,8,device,rule-example,,4,"homophones/confusables: noun -ce, verb -se",yes,,todo,,,,
697,6,year6,autumn,8,8,devise,rule-example,,4,"homophones/confusables: noun -ce, verb -se",yes,,todo,,,,
698,6,year6,autumn,8,8,farther,rule-example,,5,homophones/confusables,yes,,todo,,,,
699,6,year6,autumn,8,8,father,rule-example,,5,homophones/confusables,yes,,todo,,,,
700,6,year6,autumn,8,8,guessed,rule-example,,5,homophones/confusables,yes,,todo,,,,
701,6,year6,autumn,8,8,guest,rule-example,,5,homophones/confusables,yes,,todo,,,,
702,6,year6,autumn,8,8,knight,rule-example,,4,silent letters,yes,,todo,,,,
703,6,year6,autumn,8,8,licence,rule-example,,4,"homophones/confusables: noun -ce, verb -se",yes,,todo,,,,
704,6,year6,autumn,8,8,license,rule-example,,4,"homophones/confusables: noun -ce, verb -se",yes,,todo,,,,
705,6,year6,autumn,8,8,practice,rule-example,,4,"homophones/confusables: noun -ce, verb -se",yes,,todo,,,,
706,6,year6,autumn,8,8,practise,rule-example,,5,"homophones/confusables: noun -ce, verb -se",yes,,todo,,,,
707,6,year6,autumn,8,8,solemn,rule-example,,4,silent letters,yes,,todo,,,,
708,6,year6,autumn,8,8,thistle,rule-example,,4,silent letters,yes,,todo,,,,
709,6,year6,autumn,9,9,heard,rule-example,,5,homophones/confusables,yes,,todo,,,,
710,6,year6,autumn,9,9,herd,rule-example,,5,homophones/confusables,yes,,todo,,,,
711,6,year6,autumn,9,9,lead,rule-example,,5,homophones/confusables,yes,,todo,,,,
712,6,year6,autumn,9,9,led,rule-example,,5,homophones/confusables,yes,,todo,,,,
713,6,year6,autumn,9,9,morning,rule-example,,5,homophones/confusables,yes,,todo,,,,
714,6,year6,autumn,9,9,mourning,rule-example,,5,homophones/confusables,yes,,todo,,,,
715,6,year6,autumn,9,9,passed,rule-example,,5,homophones/confusables,yes,,todo,,,,
716,6,year6,autumn,9,9,past,rule-example,,5,homophones/confusables,yes,,todo,,,,
717,6,year6,autumn,9,9,principal,rule-example,,5,homophones/confusables,yes,,todo,,,,
718,6,year6,autumn,9,9,principle,rule-example,,5,homophones/confusables,yes,,todo,,,,
719,6,year6,autumn,9,9,profit,rule-example,,5,homophones/confusables,yes,,todo,,,,
720,6,year6,autumn,9,9,prophet,rule-example,,5,homophones/confusables,yes,,todo,,,,
721,6,year6,autumn,9,9,stationary,rule-example,,5,homophones/confusables,yes,,todo,,,,
722,6,year6,autumn,9,9,stationery,rule-example,,5,homophones/confusables,yes,,todo,,,,
723,6,year6,autumn,9,9,steal,rule-example,,5,homophones/confusables,yes,,todo,,,,
724,6,year6,autumn,10,10,steel,rule-example,,5,homophones/confusables,yes,,todo,,,,
725,6,year6,autumn,10,10,wary,rule-example,,5,homophones/confusables,yes,,todo,,,,
726,6,year6,autumn,10,10,weary,rule-example,,5,homophones/confusables,yes,,todo,,,,
727,6,year6,autumn,10,10,who's,rule-example,,5,homophones/confusables,yes,,todo,,,,
728,6,year6,autumn,10,10,whose,rule-example,,5,homophones/confusables,yes,,todo,,,,
